,poblacion,fecha,hora,nivel,carretera,pk_inicial,pk_final,sentido,longitud,latitud,zona
0,Barakaldo,2006-12-29,22:57:12,Blanco,A-8,123,123,IRUN,-2.99417,43.28436,7
1,Arrigorriaga,2006-12-28,21:15:14,Blanco,A-8,113,115,IRUN,-2.90804,43.23352,24
2,Alonsotegi,2006-12-28,15:54:58,Blanco,BI-636,9,9,BILBAO,-2.993629,43.24061,28
3,Abanto y Cirvana-Abanto Zierbena,2006-12-28,10:01:56,Blanco,A-8,131,131,IRUN,-3.06707,43.32707,36
4,Bilbao,2006-12-28,09:01:52,Blanco,BI-636,6,6,CADAGUA,-2.96931,43.25774,7
5,Barakaldo,2006-12-27,23:01:08,Blanco,A-8,123,123,IRUN,-2.99417,43.28436,7
6,Bilbao,2006-12-27,22:53:20,Blanco,A-8,111,113,CANTABRIA,-2.883459,43231.0,45
7,Alonsotegi,2006-12-27,14:51:45,Amarillo,BI-636,9,9,BILBAO,-2.993629,43.24061,28
8,Santurtzi,2006-12-27,09:18:56,Blanco,A-8,130,130,CANTABRIA,-3.055796,43.3228,4
9,Durango,2006-12-27,09:58:47,Negro,BI-623,29,30,DURANGO,-2.64331,43.16703,14
10,Gordexola,2006-12-27,00:37:23,Blanco,BI-636,18,18,BILBAO,-3.06356,43.19168,47
11,Barakaldo,2006-12-26,23:13:33,Blanco,A-8,124,124,IRUN,-3005.0,43.28859,35
12,Galdakao,2006-12-26,21:53:37,Blanco,N-634,101,101,DONOSTIA/SAN SEBASTIN,-2.838604,43.22767,8
13,Muskiz,2006-12-26,09:18:32,Blanco,A-8,139,139,IRUN,-3.1511,43.34147,35
14,Basauri,2006-12-22,15:20:40,Blanco,A-8,112,112,IRUN,-2.89592,43.23205,17
15,,2006-12-22,15:22:38,Blanco,AP-68,12,12,BILBAO,-2.937925,43.15139,48
16,,2006-12-22,08:33:54,Blanco,AP-68,15,15,BILBAO,-2.923555,43.12848,31
17,Bilbao,2006-12-22,00:12:30,Blanco,BI-636,17,17,BILBAO,-3.05277,43.19161,47
18,Bilbao,2006-12-21,21:22:00,Blanco,A-8,111,113,CANTABRIA,-2.883459,43231.0,45
19,Abadio,2006-12-21,10:33:34,Amarillo,A-8,113,113,IRUN,-2.90804,43.23352,24
20,Muskiz,2006-12-21,08:59:18,Amarillo,A-8,136,136,IRUN,-3.11643,43.33947,23
21,,2006-12-21,08:57:08,Blanco,BI-636,20,20,BILBAO,-3.0823,43.20092,2
22,Bilbao,2006-12-20,21:32:01,Blanco,A-8,111,113,IRUN,-2.88343,43.2309,3
23,Muskiz,2006-12-20,12:12:32,Amarillo,A-8,132,132,CANTABRIA,-3.076844,43.33044,37
24,Basauri,2006-12-20,09:50:31,Amarillo,A-8,113,113,IRUN,-2.90804,43.23352,24
25,,2006-12-20,00:29:22,Blanco,BI-636,8,8,BILBAO,-2.982984,43.2456,51
26,Bilbao,2006-12-19,23:28:14,Blanco,A-8,113,113,CANTABRIA,-2.908069,43.23378,24
27,,2006-12-19,21:58:28,Blanco,N-634,101,101,SANTANDER,-2.838604,43.22767,8
28,,2006-12-19,12:36:21,Blanco,N-637,21,21,ERLETXE ( por PTE. RONTEGI),-2.86075,43.27302,21
29,Gordexola,2006-12-19,00:29:56,Blanco,BI-636,18,18,BILBAO,-3.06356,43.19168,47
30,Barakaldo,2006-12-18,23:49:46,Blanco,BI-637,12,12,KUKULARRA,-2.98539,43.32479,9
31,Bilbao,2006-12-19,00:17:38,Blanco,A-8,117,117,IRUN,-2.94541,43.25161,6
32,Bilbao,2006-12-18,21:16:48,Blanco,A-8,111,113,IRUN,-2.88343,43.2309,3
33,,2006-12-18,09:36:52,Blanco,N-634,104,104,SANTANDER,-2.87085,43.23714,3
34,,2006-12-18,09:35:41,Blanco,N-644,130,130,Santurtzi,-3.04264,43.32942,16
35,Bilbao,2006-12-17,22:21:06,Blanco,A-8,113,113,IRUN,-2.90804,43.23352,24
36,Galdakao,2006-12-16,15:33:36,Amarillo,A-8,104,104,IRUN,-2.80454,43.23557,8
37,,2006-12-16,08:36:25,Blanco,N-634,101,101,DONOSTIA/SAN SEBASTIN,-2.838604,43.22767,8
38,Galdakao,2006-12-15,09:19:44,Blanco,N-634,102,102,SANTANDER,-2.849825,43.23083,18
39,,2006-12-15,09:11:05,Amarillo,BI-637,9,9,KURTXES(BERANGO),-2.96194,43.30914,9
40,Galdakao,2006-12-14,23:11:58,Blanco,A-8,101,101,IRUN,-2.76907,43.23126,10
41,Bilbao,2006-12-14,21:13:05,Blanco,A-8,113,113,CANTABRIA,-2.908069,43.23378,24
42,Galdakao,2006-12-14,22:44:59,Blanco,A-8,106,106,CANTABRIA,-2.82662,43.23,8
43,Alonsotegi,2006-12-14,10:53:27,Blanco,BI-636,10,10,BILBAO,-3.004337,43.23591,42
44,,2006-12-14,09:05:50,Blanco,BI-631,15,15,Bermeo,-2.8696,43.33172,15
45,Barakaldo,2006-12-13,23:23:09,Blanco,A-8,124,123,IRUN,-3005.0,43.28859,35
46,Galdakao,2006-12-13,22:07:48,Blanco,A-8,106,106,CANTABRIA,-2.82662,43.23,8
47,Basauri,2006-12-13,21:17:55,Blanco,A-8,113,113,IRUN,-2.90804,43.23352,24
48,Erandio,2006-12-13,11:00:40,Blanco,N-637,12,12,ERLETXE ( por PTE. RONTEGI),-2.95528,43.29934,9
49,,2006-12-13,08:55:58,Blanco,AP-68,15,33,ZARAGOZA,-2.923842,43.1286,31
50,Orozko,2006-12-13,08:55:58,Blanco,AP-68,21,21,ZARAGOZA,-2.917043,43.07817,31
51,Galdakao,2006-12-12,21:49:33,Blanco,N-634,103,103,DONOSTIA/SAN SEBASTIN,-2.861065,43.23255,3
52,Bilbao,2006-12-12,22:51:17,Blanco,A-8,118,118,IRUN,-2.95362,43.2578,19
53,Alonsotegi,2006-12-12,11:28:26,Negro,BI-636,9,9,BILBAO,-2.993629,43.24061,28
54,Arrankudiaga,2006-12-12,11:01:54,Blanco,AP-68,10,10,BILBAO,-2.920572,43.16348,46
55,Bilbao,2006-12-11,22:38:45,Blanco,A-8,118,118,IRUN,-2.95362,43.2578,19
56,Basauri,2006-12-11,21:22:27,Blanco,A-8,111,113,IRUN,-2.88343,43.2309,3
57,,2006-12-11,10:48:26,Amarillo,BI-636,9,9,BILBAO,-2.993629,43.24061,28
58,Berango,2006-12-11,09:08:03,Blanco,BI-637,15,15,KURTXES(BERANGO),-2.99255,43.34514,9
59,Bilbao,2006-12-11,00:22:54,Blanco,A-8,136,136,IRUN,-3.11643,43.33947,23
60,,2006-12-10,21:35:53,Blanco,N-634,103,103,DONOSTIA/SAN SEBASTIN,-2.861065,43.23255,3
61,Bilbao,2006-12-07,22:20:14,Blanco,A-8,113,113,IRUN,-2.90804,43.23352,24
62,Arrigorriaga,2006-12-06,22:23:25,Blanco,A-8,113,113,CANTABRIA,-2.908069,43.23378,24
63,,2006-12-06,18:24:30,Blanco,AP-68,16,16,BILBAO,-2.916313,43.12145,31
64,Bilbao,2006-12-05,23:11:39,Blanco,A-8,113,113,IRUN,-2.90804,43.23352,24
65,Bilbao,2006-12-04,21:13:51,Blanco,A-8,111,113,IRUN,-2.88343,43.2309,3
66,Sondika,2006-12-04,09:16:09,Blanco,N-637,12,12,ERLETXE ( por PTE. RONTEGI),-2.95528,43.29934,9
67,Basauri,2006-12-03,22:22:01,Blanco,A-8,113,113,IRUN,-2.90804,43.23352,24
68,Galdakao,2006-12-02,22:10:55,Amarillo,N-634,97,97,DONOSTIA/SAN SEBASTIN,-2.79589,43.23359,8
69,,2006-12-01,22:33:02,Negro,N-634,96,96,DONOSTIA/SAN SEBASTIN,-2.78402,43.23083,26
70,Alonsotegi,2006-12-01,11:28:46,Blanco,BI-636,11,11,BILBAO,-3.01027,43.23294,42
71,Barakaldo,2006-12-01,09:41:55,Blanco,N-637,10,10,ERLETXE ( por PTE. RONTEGI),-2.97405,43.29526,7
72,Getxo,2006-11-30,23:08:38,Blanco,BI-637,13,11,KURTXES(BERANGO),-2.99622,43.33024,9
73,Basauri,2006-11-30,21:11:44,Blanco,A-8,113,113,CANTABRIA,-2.908069,43.23378,24
74,Gees,2006-11-30,15:29:41,Blanco,BI-636,6,6,BILBAO,-2.96896,43.25747,7
75,Barakaldo,2006-11-30,09:10:12,Blanco,N-637,12,12,ERLETXE ( por PTE. RONTEGI),-2.95528,43.29934,9
76,Basauri,2006-11-29,21:18:03,Blanco,A-8,113,111,IRUN,-2.90804,43.23352,24
77,,2006-11-29,21:27:44,Blanco,N-644,131,131,Bilbao,-3.047636,43.33763,16
78,Arrigorriaga,2006-11-29,10:44:40,Blanco,AP-68,15,15,ZARAGOZA,-2.923842,43.1286,31
79,Lezama,2006-11-28,23:34:29,Blanco,N-637,24,24,ERLETXE ( por PTE. RONTEGI),-2.82722,43.2641,8
80,Muskiz,2006-11-29,00:23:02,Blanco,A-8,136,136,IRUN,-3.11643,43.33947,23
81,Bilbao,2006-11-29,00:16:08,Amarillo,A-8,115,115,IRUN,-2.92753,43.24161,5
82,Arrankudiaga,2006-11-28,14:09:12,Blanco,AP-68,13,13,ZARAGOZA,-2.93714,43.14311,48
83,,2006-11-28,08:18:17,Blanco,AP-68,8,8,ZARAGOZA,-2.904608,43.17588,46
84,Muskiz,2006-11-28,10:44:58,Blanco,A-8,137,137,IRUN,-3.12723,43.3419,25
85,Bilbao,2006-11-28,09:53:32,Amarillo,A-8,117,117,IRUN,-2.94541,43.25161,6
86,Galdakao,2006-11-27,22:53:49,Blanco,N-634,97,97,DONOSTIA/SAN SEBASTIN,-2.79589,43.23359,8
87,Valle de Trpaga-Trapagaran,2006-11-27,23:24:16,Amarillo,A-8,125,127,CANTABRIA,-3.01544,43.29313,12
88,Basauri,2006-11-27,21:08:12,Blanco,A-8,113,113,CANTABRIA,-2.908069,43.23378,24
89,,2006-11-27,13:59:25,Blanco,BI-2521,42,42,ORDUA,-2.98254,42.9926,31
90,Alonsotegi,2006-11-27,11:05:11,Blanco,BI-636,10,10,BILBAO,-3.004337,43.23591,42
91,Bilbao,2006-11-27,10:36:52,Blanco,AP-68,15,15,BILBAO,-2.923555,43.12848,31
92,Galdakao,2006-11-26,23:37:03,Amarillo,N-634,101,101,DONOSTIA/SAN SEBASTIN,-2.838604,43.22767,8
93,Basauri,2006-11-26,23:27:05,Blanco,A-8,113,111,IRUN,-2.90804,43.23352,24
94,Alonsotegi,2006-11-24,12:48:10,Negro,BI-636,9,9,BILBAO,-2.993629,43.24061,28
95,,2006-11-24,04:04:19,Blanco,N-637,12,12,ERLETXE ( por PTE. RONTEGI),-2.95528,43.29934,9
96,Derio,2006-11-24,02:29:04,Blanco,N-637,17,17,ERLETXE ( por PTE. RONTEGI),-2.903674,43.28876,15
97,Bilbao,2006-11-23,21:14:51,Blanco,A-8,111,113,IRUN,-2.88343,43.2309,3
98,Arrankudiaga,2006-11-23,14:18:55,Blanco,AP-68,10,11,ZARAGOZA,-2.920465,43.1638,46
99,Muskiz,2006-11-23,09:48:15,Blanco,A-8,138,138,CANTABRIA,-3.13918,43.34282,35
100,Galdakao,2006-11-22,23:28:24,Blanco,N-637,15,15,CRUCES,-2.926004,43.28597,39
101,Basauri,2006-11-22,21:17:42,Amarillo,A-8,113,111,IRUN,-2.90804,43.23352,24
102,Alonsotegi,2006-11-22,13:07:40,Blanco,BI-636,9,11,BILBAO,-2.993629,43.24061,28
103,Basauri,2006-11-21,19:18:40,Blanco,A-8,112,112,IRUN,-2.89592,43.23205,17
104,Muskiz,2006-11-21,09:15:21,Blanco,A-8,134,134,IRUN,-3.09974,43.33071,34
105,Basauri,2006-11-21,12:08:04,Amarillo,A-8,113,113,IRUN,-2.90804,43.23352,24
106,Galdakao,2006-11-20,21:34:11,Blanco,N-634,103,103,DONOSTIA/SAN SEBASTIN,-2.861065,43.23255,3
107,Bilbao,2006-11-20,21:13:04,Blanco,BI-636,5,5,BILBAO,-2.97122,43.26661,7
108,Bilbao,2006-11-20,15:45:20,Amarillo,BI-636,7,7,BILBAO,-2.974041,43.25064,7
109,Basauri,2006-11-19,22:09:45,Blanco,A-8,113,113,IRUN,-2.90804,43.23352,24
110,Galdakao,2006-11-18,08:07:07,Blanco,N-634,103,103,SANTANDER,-2.861065,43.23255,3
111,Abanto y Cirvana-Abanto Zierbena,2006-11-17,12:33:27,Blanco,N-634,131,131,DONOSTIA/SAN SEBASTIN,-3.10905,43.3229,34
112,Gees,2006-11-17,11:38:45,Blanco,BI-636,15,15,CADAGUA,-3.042474,43.20639,47
113,Barakaldo,2006-11-17,03:42:22,Blanco,A-8,122,122,IRUN,-2.98578,43.28167,7
114,,2006-11-16,21:39:30,Blanco,N-644,132,132,Bilbao,-3.04274,43.34047,16
115,Bilbao,2006-11-16,21:22:57,Blanco,A-8,111,113,CANTABRIA,-2.883459,43231.0,45
116,,2006-11-16,08:37:14,Blanco,AP-68,19,19,BILBAO,-2.918417,43.09539,31
117,Bilbao,2006-11-16,11:24:06,Blanco,BI-636,8,8,BILBAO,-2.982984,43.2456,51
118,,2006-11-16,02:27:48,Blanco,A-8,132,132,IRUN,-3.07694,43.33036,37
119,Derio,2006-11-15,23:31:18,Blanco,N-637,13,13,ERLETXE ( por PTE. RONTEGI),-2.94501,43.29437,9
120,Portugalete,2006-11-15,23:09:39,Blanco,A-8,126,126,IRUN,-3.02248,43.30032,12
121,Galdakao,2006-11-15,21:29:33,Blanco,N-634,103,103,SANTANDER,-2.861065,43.23255,3
122,Alonsotegi,2006-11-15,09:47:32,Blanco,BI-636,8,8,BILBAO,-2.982984,43.2456,51
123,Portugalete,2006-11-14,22:56:21,Blanco,A-8,126,126,IRUN,-3.02248,43.30032,12
124,"Etxebarri, Ant S. Esteban-Etxebarri D. E.",2006-11-14,21:42:00,Blanco,N-634,104,104,SANTANDER,-2.87085,43.23714,3
125,Gees,2006-11-14,11:57:26,Blanco,BI-636,15,15,CADAGUA,-3.042474,43.20639,47
126,Basauri,2006-11-13,21:38:40,Blanco,A-8,114,114,CANTABRIA,-2.919231,43.23613,24
127,Bilbao,2006-11-13,10:52:54,Blanco,A-8,131,131,IRUN,-3.06707,43.32707,36
128,Alonsotegi,2006-11-13,10:48:55,Blanco,BI-636,10,10,CADAGUA,-3.004373,43.23614,42
129,Erandio,2006-11-12,23:48:21,Blanco,BI-604,4,5,ASUA,-2.95606,43.27935,9
130,Bilbao,2006-11-12,22:19:26,Blanco,A-8,111,113,IRUN,-2.88343,43.2309,3
131,,2006-11-11,09:58:20,Blanco,N-634,101,101,DONOSTIA/SAN SEBASTIN,-2.838604,43.22767,8
132,Arrigorriaga,2006-11-10,12:44:44,Amarillo,AP-68,8,8,ZARAGOZA,-2.904608,43.17588,46
133,Ortuella,2006-11-10,08:00:54,Amarillo,A-8,132,132,IRUN,-3.07694,43.33036,37
134,Barakaldo,2006-11-09,21:30:46,Blanco,A-8,121,121,IRUN,-2.977874,43.27453,7
135,Bilbao,2006-11-09,21:14:10,Blanco,A-8,113,113,CANTABRIA,-2.908069,43.23378,24
136,,2006-11-09,11:24:00,Blanco,N-634,108,108,DONOSTIA/SAN SEBASTIN,-2.90335,43.24939,17
137,Amorebieta-Etxano,2006-11-09,09:41:15,Amarillo,N-634,98,98,DONOSTIA/SAN SEBASTIN,-2.80671,43.23633,8
138,Ortuella,2006-11-09,07:55:57,Blanco,A-8,133,133,IRUN,-3.08903,43.3294,34
139,Bilbao,2006-11-09,03:07:49,Blanco,AP-68,0,0,BILBAO,-2917.0,43.23466,35
140,,2006-11-06,08:27:02,Blanco,AP-68,16,29,ZARAGOZA,-2.916557,43.12165,31
141,Ortuella,2006-11-08,14:39:44,Blanco,A-8,132,132,IRUN,-3.07694,43.33036,37
142,,2006-11-08,09:16:50,Blanco,AP-68,22,22,BILBAO,-2.92426,43.07066,31
143,Basauri,2006-11-07,21:18:32,Blanco,A-8,113,113,CANTABRIA,-2.908069,43.23378,24
144,Santurtzi,2006-11-07,22:57:14,Blanco,A-8,130,130,IRUN,-3.05598,43.32278,4
145,Bilbao,2006-11-07,21:20:09,Blanco,A-8,119,119,CANTABRIA,-2.96142,43.26417,7
146,Ortuella,2006-11-07,10:26:22,Amarillo,A-8,133,133,IRUN,-3.08903,43.3294,34
147,,2006-11-06,21:13:29,Blanco,A-8,111,112,CANTABRIA,-2.883459,43231.0,45
148,Muskiz,2006-11-06,22:47:37,Blanco,A-8,130,130,IRUN,-3.05598,43.32278,4
149,Alonsotegi,2006-11-06,14:36:48,Amarillo,BI-636,8,8,BILBAO,-2.982984,43.2456,51
150,Bilbao,2006-11-05,22:11:29,Blanco,A-8,113,113,CANTABRIA,-2.908069,43.23378,24
151,Bilbao,2006-11-03,08:31:04,Blanco,N-634,120,120,SANTANDER,-3.0037,43.28628,12
152,Mungia,2006-11-03,08:15:55,Blanco,BI-631,14,17,Bermeo,-2.87353,43.32288,15
153,Barakaldo,2006-11-03,01:56:31,Blanco,N-637,9,9,CRUCES,-2.985246,43.29098,7
154,Galdakao,2006-11-02,22:32:07,Blanco,A-8,111,111,IRUN,-2.88343,43.2309,3
155,Mungia,2006-11-02,12:39:51,Blanco,BI-631,15,15,Bermeo,-2.8696,43.33172,15
156,Valle de Trpaga-Trapagaran,2006-11-02,12:07:12,Blanco,A-8,133,133,IRUN,-3.08903,43.3294,34
157,Bilbao,2006-11-01,23:10:28,Blanco,A-8,111,111,CANTABRIA,-2.883459,43231.0,45
158,Bilbao,2006-10-31,22:15:38,Blanco,A-8,111,111,IRUN,-2.88343,43.2309,3
159,Bilbao,2006-10-31,11:06:31,Blanco,A-8,118,118,CANTABRIA,-2.95336,43.25788,19
160,Mungia,2006-10-31,08:48:22,Blanco,BI-631,13,13,Bermeo,-2.87782,43.31449,15
161,Arrigorriaga,2006-10-31,08:16:28,Blanco,AP-68,18,18,ZARAGOZA,-2.915516,43.10396,31
162,Bilbao,2006-10-30,21:12:50,Blanco,A-8,111,113,CANTABRIA,-2.883459,43231.0,45
163,Berango,2006-10-30,11:19:40,Blanco,BI-637,15,15,KURTXES(BERANGO),-2.99255,43.34514,9
164,Abanto y Cirvana-Abanto Zierbena,2006-10-30,11:02:33,Blanco,A-8,138,139,CANTABRIA,-3.13918,43.34282,35
165,Arrigorriaga,2006-10-30,07:48:40,Blanco,AP-68,14,16,ZARAGOZA,-2.932773,43.13461,48
166,Alonsotegi,2006-10-30,09:29:31,Blanco,BI-636,9,9,BILBAO,-2.993629,43.24061,28
167,,2006-10-28,07:42:27,Blanco,N-634,101,101,DONOSTIA/SAN SEBASTIN,-2.838604,43.22767,8
168,Sondika,2006-10-27,08:55:16,Blanco,BI-637,15,15,KURTXES(BERANGO),-2.99255,43.34514,9
169,Bilbao,2006-10-27,08:49:00,Blanco,BI-636,9,9,BILBAO,-2.993629,43.24061,28
170,Bilbao,2006-10-27,07:57:07,Blanco,AP-68,5,5,BILBAO,-2.894915,43.19935,27
171,Basauri,2006-10-26,22:31:34,Amarillo,A-8,111,111,IRUN,-2.88343,43.2309,3
172,Barakaldo,2006-10-27,00:36:26,Amarillo,A-8,121,121,CANTABRIA,-2.978033,43.27476,7
173,Santurtzi,2006-10-27,00:26:16,Blanco,A-8,136,136,IRUN,-3.11643,43.33947,23
174,,2006-10-26,10:26:59,Blanco,AP-68,13,13,ZARAGOZA,-2.93714,43.14311,48
175,Arrigorriaga,2006-10-26,10:26:59,Blanco,AP-68,6,6,ZARAGOZA,-2.89627,43.19152,27
176,,2006-10-26,12:53:20,Blanco,BI-3717,1,1,ETXEBARRI,-2.89892,43.24607,17
177,Bilbao,2006-10-26,08:45:18,Blanco,BI-636,6,6,BILBAO,-2.96896,43.25747,7
178,Galdakao,2006-10-26,00:54:22,Amarillo,A-8,102,102,CANTABRIA,-2.78167,43.23172,26
179,Derio,2006-10-26,00:35:35,Blanco,N-633,9,9,AEROPUERTO DE LOIU,-2.88083,43.28849,15
180,Barakaldo,2006-10-26,00:29:26,Blanco,A-8,120,120,IRUN,-2.96792,43.27208,7
181,Bilbao,2006-10-26,00:28:07,Blanco,A-8,113,113,IRUN,-2.90804,43.23352,24
182,,2006-10-25,09:16:18,Blanco,AP-68,13,13,ZARAGOZA,-2.93714,43.14311,48
183,Getxo,2006-10-25,09:43:34,Blanco,BI-637,15,15,KURTXES(BERANGO),-2.99255,43.34514,9
184,Bilbao,2006-10-25,16:19:00,Blanco,BI-604,3,3,ASUA,-2.948006,43.27291,19
185,,2006-10-25,09:16:18,Blanco,AP-68,6,6,ZARAGOZA,-2.89627,43.19152,27
186,Bilbao,2006-10-25,14:28:35,Blanco,BI-636,9,9,BILBAO,-2.993629,43.24061,28
187,Santurtzi,2006-10-25,06:55:33,Blanco,N-644,131,131,Santurtzi,-3.047644,43.3378,16
188,Basauri,2006-10-24,22:37:10,Amarillo,A-8,111,111,IRUN,-2.88343,43.2309,3
189,Barakaldo,2006-10-24,23:15:33,Blanco,A-8,126,126,IRUN,-3.02248,43.30032,12
190,Bilbao,2006-10-24,23:15:33,Blanco,A-8,116,116,IRUN,-2.93579,43.24777,5
191,Arrankudiaga,2006-10-24,17:44:54,Blanco,AP-68,11,11,ZARAGOZA,-2.929267,43.15753,48
192,,2006-10-24,08:45:32,Blanco,AP-68,13,13,ZARAGOZA,-2.93714,43.14311,48
193,Gees,2006-10-24,10:48:30,Blanco,BI-636,14,14,BILBAO,-3.033625,43.21482,42
194,Santurtzi,2006-10-24,09:57:55,Blanco,A-8,130,130,CANTABRIA,-3.055796,43.3228,4
195,Bilbao,2006-10-24,09:47:14,Blanco,BI-3717,0,0,ETXEBARRI,-2.88953,43.24708,17
196,Bilbao,2006-10-24,09:46:12,Blanco,BI-636,6,6,BILBAO,-2.96896,43.25747,7
197,,2006-10-20,15:29:14,Blanco,AP-68,11,11,ZARAGOZA,-2.929267,43.15753,48
198,,2006-10-23,22:26:02,Blanco,A-8,129,131,CANTABRIA,-3.04802,43.31637,4
199,Bilbao,2006-10-23,23:06:23,Amarillo,A-8,117,116,IRUN,-2.94541,43.25161,6
200,Bilbao,2006-10-23,21:09:17,Blanco,A-8,112,112,CANTABRIA,-2.89581,43.23219,17
201,Bilbao,2006-10-23,14:54:37,Blanco,BI-636,9,9,BILBAO,-2.993629,43.24061,28
202,Basauri,2006-10-22,22:25:22,Blanco,A-8,111,113,CANTABRIA,-2.883459,43231.0,45
203,Amorebieta-Etxano,2006-10-22,22:26:45,Blanco,A-8,100,100,IRUN,-2.75568,43.23077,10
204,Alonsotegi,2006-10-21,09:26:56,Blanco,BI-636,9,9,BILBAO,-2.993629,43.24061,28
205,Galdakao,2006-10-21,08:37:57,Blanco,N-634,103,103,SANTANDER,-2.861065,43.23255,3
206,Amorebieta-Etxano,2006-10-21,08:23:41,Blanco,A-8,101,101,IRUN,-2.76907,43.23126,10
207,,2006-10-20,09:35:30,Blanco,BI-636,6,6,BILBAO,-2.96896,43.25747,7
208,Derio,2006-10-20,02:52:44,Blanco,N-637,18,18,ERLETXE ( por PTE. RONTEGI),-2.89266,43.28633,15
209,Basauri,2006-10-19,23:30:00,Blanco,A-8,116,116,CANTABRIA,-2.93578,43.2479,5
210,,2006-10-19,07:25:18,Blanco,AP-68,13,13,ZARAGOZA,-2.93714,43.14311,48
211,Barakaldo,2006-10-19,13:01:41,Blanco,A-8,124,124,CANTABRIA,-3.0047,43.28869,12
212,,2006-10-19,07:22:36,Blanco,AP-68,5,5,BILBAO,-2.894915,43.19935,27
213,Barakaldo,2006-10-18,23:15:41,Blanco,A-8,121,121,IRUN,-2.977874,43.27453,7
214,Basauri,2006-10-18,21:18:06,Amarillo,A-8,113,111,IRUN,-2.90804,43.23352,24
215,,2006-10-18,07:09:24,Blanco,AP-68,5,4,BILBAO,-2.894915,43.19935,27
216,Arrankudiaga,2006-10-17,18:46:04,Blanco,AP-68,10,10,ZARAGOZA,-2.920465,43.1638,46
217,Bilbao,2006-10-18,10:49:46,Blanco,A-8,117,117,CANTABRIA,-2.94514,43.25163,6
218,Barakaldo,2006-10-17,22:53:12,Blanco,A-8,121,121,CANTABRIA,-2.978033,43.27476,7
219,Bilbao,2006-10-17,21:12:02,Blanco,A-8,111,113,CANTABRIA,-2.883459,43231.0,45
220,Gees,2006-10-17,12:24:36,Amarillo,BI-636,14,14,BILBAO,-3.033625,43.21482,42
221,,2006-10-17,09:24:42,Blanco,BI-636,6,6,BILBAO,-2.96896,43.25747,7
222,Bilbao,2006-10-16,23:34:08,Blanco,A-8,120,120,CANTABRIA,-2.9675,43.27193,7
223,Bilbao,2006-10-16,21:20:38,Blanco,A-8,113,113,IRUN,-2.90804,43.23352,24
224,Alonsotegi,2006-10-16,11:28:24,Negro,BI-636,9,9,BILBAO,-2.993629,43.24061,28
225,,2006-10-16,06:25:56,Blanco,AP-68,14,14,BILBAO,-2.93247,43.13451,48
226,Derio,2006-10-15,23:43:53,Blanco,N-633,10,10,AEROPUERTO DE LOIU,-2.88083,43.28849,15
227,Bilbao,2006-10-15,22:12:01,Blanco,A-8,112,112,CANTABRIA,-2.89581,43.23219,17
228,Basauri,2006-10-13,22:10:08,Blanco,A-8,112,112,CANTABRIA,-2.89581,43.23219,17
229,Basauri,2006-10-11,21:10:10,Blanco,A-8,112,112,CANTABRIA,-2.89581,43.23219,17
230,Leioa,2006-10-11,10:40:06,Blanco,N-637,16,16,CRUCES,-2.915619,43.28973,1
231,Arrigorriaga,2006-10-11,08:22:35,Blanco,AP-68,10,10,ZARAGOZA,-2.920465,43.1638,46
232,,2006-10-10,23:13:11,Blanco,N-637,15,15,ERLETXE ( por PTE. RONTEGI),-2.92609,43.28585,39
233,Barakaldo,2006-10-10,21:35:19,Blanco,A-8,122,122,IRUN,-2.98578,43.28167,7
234,Barakaldo,2006-10-10,10:34:21,Blanco,BI-637,16,16,KUKULARRA,-2.99885,43.35301,9
235,Bilbao,2006-10-10,08:16:21,Blanco,BI-636,6,4,BILBAO,-2.96896,43.25747,7
236,,2006-10-10,07:49:16,Blanco,AP-68,10,10,ZARAGOZA,-2.920465,43.1638,46
237,,2006-10-10,03:27:18,Blanco,N-644,129,129,Santurtzi,-3.050703,43.32296,4
238,Bilbao,2006-10-09,23:53:37,Blanco,BI-625,379,379,BILBAO,-2.90417,43.18222,46
239,,2006-10-09,22:06:18,Blanco,N-644,130,130,Bilbao,-3.04283,43.32948,16
240,Basauri,2006-10-09,21:12:33,Blanco,A-8,112,112,CANTABRIA,-2.89581,43.23219,17
241,Galdakao,2006-10-09,20:08:25,Blanco,N-637,28,28,ERLETXE ( por PTE. RONTEGI),-2.80231,43.23901,8
242,Arrigorriaga,2006-10-09,13:37:00,Blanco,AP-68,5,5,ZARAGOZA,-2.894917,43.19963,27
243,Bilbao,2006-10-08,23:59:13,Blanco,A-8,113,115,IRUN,-2.90804,43.23352,24
244,Galdakao,2006-10-08,19:38:45,Blanco,N-637,28,28,ERLETXE ( por PTE. RONTEGI),-2.80231,43.23901,8
245,Gees,2006-10-06,11:41:50,Amarillo,BI-636,15,15,BILBAO,-3.042234,43.20626,47
246,,2006-10-06,09:50:10,Blanco,BI-637,18,18,KUKULARRA,-3.00088,43.36999,9
247,,2006-10-06,09:10:11,Blanco,BI-636,6,5,BILBAO,-2.96896,43.25747,7
248,,2006-10-06,08:24:40,Blanco,AP-68,3,3,BILBAO,-2.89872,43.21586,27
249,Leioa,2006-10-06,01:00:04,Blanco,BI-637,11,11,KURTXES(BERANGO),-2.97779,43.32092,9
250,Bilbao,2006-10-05,21:15:09,Blanco,A-8,111,111,CANTABRIA,-2.883459,43231.0,45
251,,2006-10-05,14:20:34,Blanco,AP-68,4,4,BILBAO,-2.893752,43.20781,27
252,,2006-10-05,09:10:29,Blanco,BI-636,5,5,BILBAO,-2.97122,43.26661,7
253,,2006-10-05,09:18:14,Blanco,N-637,19,19,ERLETXE ( por PTE. RONTEGI),-2.88211,43.28174,15
254,,2006-10-05,08:09:30,Blanco,AP-68,13,13,BILBAO,-2.9368,43.14298,48
255,Basauri,2006-10-04,21:10:33,Blanco,A-8,113,113,CANTABRIA,-2.908069,43.23378,24
256,Bilbao,2006-10-04,18:23:23,Blanco,A-8,0,0,CANTABRIA,-1.753419,43.33963,50
257,Arrankudiaga,2006-10-04,15:17:21,Blanco,AP-68,10,10,BILBAO,-2.920572,43.16348,46
258,,2006-10-04,09:06:41,Blanco,N-637,19,19,ERLETXE ( por PTE. RONTEGI),-2.88211,43.28174,15
259,Arrigorriaga,2006-10-03,08:03:18,Blanco,AP-68,4,4,BILBAO,-2.893752,43.20781,27
260,,2006-10-03,08:03:18,Blanco,AP-68,15,1,BILBAO,-2.923555,43.12848,31
261,,2006-10-02,21:22:19,Blanco,A-8,111,113,CANTABRIA,-2.883459,43231.0,45
262,,2006-10-02,13:56:54,Blanco,AP-68,8,8,ZARAGOZA,-2.904608,43.17588,46
263,,2006-10-02,12:33:35,Blanco,N-637,18,18,ERLETXE ( por PTE. RONTEGI),-2.89266,43.28633,15
264,Alonsotegi,2006-10-02,10:31:32,Blanco,BI-636,7,7,BILBAO,-2.974041,43.25064,7
265,Bilbao,2006-10-01,22:57:55,Blanco,A-8,112,112,IRUN,-2.89592,43.23205,17
266,Galdakao,2006-09-30,07:40:50,Blanco,N-634,103,103,SANTANDER,-2.861065,43.23255,3
267,Arrigorriaga,2006-09-29,09:15:41,Blanco,AP-68,5,5,BILBAO,-2.894915,43.19935,27
268,,2006-09-29,01:32:48,Blanco,BI-625,354,354,BILBAO,-3.0066,43.01142,31
269,Basauri,2006-09-28,22:18:52,Blanco,A-8,113,113,CANTABRIA,-2.908069,43.23378,24
270,Bilbao,2006-09-28,23:09:57,Blanco,A-8,118,118,IRUN,-2.95362,43.2578,19
271,Sestao,2006-09-28,21:45:34,Blanco,BI-644,10,10,SESTAO,-3.00785,43.29348,12
272,Basauri,2006-09-28,14:35:37,Blanco,A-8,111,111,IRUN,-2.88343,43.2309,3
273,Arrankudiaga,2006-09-28,07:42:40,Blanco,AP-68,9,9,ZARAGOZA,-2.9156,43.17181,46
274,Bilbao,2006-09-28,02:09:42,Blanco,BI-625,387,387,BILBAO,-2.869607,43.23562,3
275,Gees,2006-09-27,23:24:51,Blanco,BI-636,15,16,BILBAO,-3.042234,43.20626,47
276,,2006-09-27,21:27:52,Blanco,BI-637,14,14,KUKULARRA,-2.999062,43.33758,9
277,Derio,2006-09-27,12:28:14,Blanco,N-637,18,18,ERLETXE ( por PTE. RONTEGI),-2.89266,43.28633,15
278,Arrigorriaga,2006-09-26,08:18:58,Blanco,AP-68,8,9,ZARAGOZA,-2.904608,43.17588,46
279,Zalla,2006-09-27,10:17:02,Blanco,BI-636,25,25,CADAGUA,-3.13841,43.20474,2
280,Santurtzi,2006-09-27,09:33:06,Blanco,N-644,132,132,Bilbao,-3.04274,43.34047,16
281,Basauri,2006-09-27,07:56:13,Blanco,A-8,111,111,IRUN,-2.88343,43.2309,3
282,Leioa,2006-09-27,00:31:38,Blanco,BI-637,11,13,KURTXES(BERANGO),-2.97779,43.32092,9
283,Bilbao,2006-09-26,23:14:07,Blanco,BI-604,3,3,ASUA,-2.948006,43.27291,19
284,Basauri,2006-09-26,21:19:30,Blanco,A-8,113,114,IRUN,-2.90804,43.23352,24
285,Alonsotegi,2006-09-26,11:18:53,Blanco,BI-636,10,10,BILBAO,-3.004337,43.23591,42
286,Lezama,2006-09-26,09:35:35,Blanco,N-637,21,21,ERLETXE ( por PTE. RONTEGI),-2.86075,43.27302,21
287,Arrigorriaga,2006-09-26,08:48:24,Blanco,AP-68,16,17,ZARAGOZA,-2.916557,43.12165,31
288,Santurtzi,2006-09-26,08:39:10,Blanco,N-644,131,132,Bilbao,-3.047636,43.33763,16
289,,2006-09-25,22:11:19,Blanco,N-634,101,101,DONOSTIA/SAN SEBASTIN,-2.838604,43.22767,8
290,,2006-09-25,21:22:54,Blanco,A-8,114,114,CANTABRIA,-2.919231,43.23613,24
291,Galdakao,2006-09-25,09:07:07,Blanco,N-637,21,22,ERLETXE ( por PTE. RONTEGI),-2.86075,43.27302,21
292,Santurtzi,2006-09-25,16:11:16,Blanco,N-644,132,132,Santurtzi,-3.04274,43.34047,16
293,,2006-09-25,15:08:42,Blanco,AP-68,11,11,BILBAO,-2.92958,43.15721,48
294,Santurtzi,2006-09-25,08:42:57,Blanco,N-644,131,131,Santurtzi,-3.047644,43.3378,16
295,,2006-09-24,22:14:53,Blanco,A-8,113,111,IRUN,-2.90804,43.23352,24
296,Galdakao,2006-09-22,23:28:53,Amarillo,A-8,100,103,CANTABRIA,-2.75548,43.23098,10
297,Muskiz,2006-09-22,09:17:09,Blanco,A-8,136,136,IRUN,-3.11643,43.33947,23
298,Sopuerta,2006-09-22,08:07:56,Blanco,BI-3614,30,31,TRASLAVIA,-3.16409,43.26427,35
299,,2006-09-22,08:17:05,Blanco,N-637,20,22,CRUCES,-2.87165,43.27715,15
300,,2006-09-22,07:55:00,Blanco,AP-68,4,4,BILBAO,-2.893752,43.20781,27
301,Bilbao,2006-09-21,21:23:33,Blanco,A-8,114,114,CANTABRIA,-2.919231,43.23613,24
302,Gees,2006-09-21,23:43:26,Blanco,BI-636,15,15,BILBAO,-3.042234,43.20626,47
303,,2006-09-21,21:26:48,Amarillo,A-8,101,104,CANTABRIA,-2.769068,43.23135,10
304,Galdakao,2006-09-21,22:10:07,Blanco,N-634,101,101,DONOSTIA/SAN SEBASTIN,-2.838604,43.22767,8
305,,2006-09-21,08:23:52,Amarillo,BI-625,386,386,BILBAO,-2.87693,43.22629,3
306,Santurtzi,2006-09-21,09:35:20,Blanco,N-644,132,132,Santurtzi,-3.04274,43.34047,16
307,Barakaldo,2006-09-20,21:24:18,Blanco,A-8,124,124,IRUN,-3005.0,43.28859,35
308,Galdakao,2006-09-20,22:25:15,Blanco,A-8,106,106,CANTABRIA,-2.82662,43.23,8
309,Bilbao,2006-09-20,22:09:08,Blanco,A-8,113,113,IRUN,-2.90804,43.23352,24
310,,2006-09-20,08:16:32,Blanco,AP-68,7,7,ZARAGOZA,-2.896885,43.18242,27
311,Gees,2006-09-20,12:08:27,Blanco,BI-636,15,15,BILBAO,-3.042234,43.20626,47
312,Muskiz,2006-09-20,09:08:58,Blanco,A-8,136,136,IRUN,-3.11643,43.33947,23
313,Santurtzi,2006-09-20,08:29:15,Blanco,N-644,130,131,Santurtzi,-3.04264,43.32942,16
314,,2006-09-19,21:06:47,Blanco,AP-68,3,3,BILBAO,-2.89872,43.21586,27
315,Galdakao,2006-09-20,01:13:51,Blanco,N-634,92,92,SANTANDER,-2.73286,43.22458,13
316,Barakaldo,2006-09-19,21:15:51,Blanco,A-8,124,124,IRUN,-3005.0,43.28859,35
317,Bilbao,2006-09-19,21:06:47,Blanco,AP-68,15,15,BILBAO,-2.923555,43.12848,31
318,Bilbao,2006-09-19,15:16:15,Blanco,BI-636,5,5,BILBAO,-2.97122,43.26661,7
319,Santurtzi,2006-09-19,13:08:50,Blanco,N-644,132,132,Santurtzi,-3.04274,43.34047,16
320,Urdua-Ordua,2006-09-19,08:19:39,Blanco,AP-68,5,5,ZARAGOZA,-2.894917,43.19963,27
321,Galdakao,2006-09-19,06:13:47,Blanco,N-634,101,101,DONOSTIA/SAN SEBASTIN,-2.838604,43.22767,8
322,,2006-09-18,20:52:24,Blanco,AP-68,3,3,BILBAO,-2.89872,43.21586,27
323,Galdakao,2006-09-18,23:47:46,Blanco,N-634,98,98,DONOSTIA/SAN SEBASTIN,-2.80671,43.23633,8
324,Bilbao,2006-09-18,20:52:24,Blanco,AP-68,15,15,BILBAO,-2.923555,43.12848,31
325,Erandio,2006-09-18,09:18:27,Blanco,BI-637,14,14,KUKULARRA,-2.999062,43.33758,9
326,Erandio,2006-09-18,09:18:27,Blanco,N-637,14,14,CRUCES,-2.93759,43.28712,39
327,Arrigorriaga,2006-09-17,22:49:40,Blanco,AP-68,4,4,BILBAO,-2.893752,43.20781,27
328,Bilbao,2006-09-18,00:43:23,Blanco,BI-631,6,6,Bermeo,-2.90798,43.26513,17
329,Barakaldo,2006-09-17,23:13:27,Blanco,N-634,117,117,SANTANDER,-2.978089,43.27842,7
330,Galdakao,2006-09-17,22:48:39,Blanco,N-634,101,101,DONOSTIA/SAN SEBASTIN,-2.838604,43.22767,8
331,,2006-09-15,10:06:26,Blanco,BI-636,5,6,BILBAO,-2.97122,43.26661,7
332,,2006-09-14,22:09:40,Amarillo,A-8,113,113,CANTABRIA,-2.908069,43.23378,24
333,,2006-09-14,11:49:06,Blanco,BI-637,15,15,KURTXES(BERANGO),-2.99255,43.34514,9
334,,2006-09-14,09:26:40,Blanco,AP-68,17,17,BILBAO,-2.91414,43.11255,31
335,Balmaseda,2006-09-14,10:57:32,Blanco,BI-636,4,6,BILBAO,-2.964667,43.26813,7
336,,2006-09-14,08:52:43,Blanco,N-644,130,130,Santurtzi,-3.04264,43.32942,16
337,Basauri,2006-09-13,21:20:49,Blanco,A-8,113,111,IRUN,-2.90804,43.23352,24
338,Gees,2006-09-13,20:31:38,Blanco,BI-636,17,17,CADAGUA,-3.05277,43.19161,47
339,Arrigorriaga,2006-09-13,13:09:31,Blanco,AP-68,6,6,ZARAGOZA,-2.89627,43.19152,27
340,,2006-09-13,11:53:45,Blanco,A-8,126,126,CANTABRIA,-3.02221,43.30038,12
341,Bilbao,2006-09-13,10:34:26,Blanco,BI-636,4,6,CADAGUA,-2.964667,43.26813,7
342,Arrigorriaga,2006-09-12,21:19:57,Blanco,AP-68,5,5,BILBAO,-2.894915,43.19935,27
343,,2006-09-12,16:05:52,Amarillo,BI-636,8,8,BILBAO,-2.982984,43.2456,51
344,,2006-09-12,16:05:52,Amarillo,BI-637,8,8,KUKULARRA,-2.96382,43.30131,9
345,Arrigorriaga,2006-09-12,11:52:37,Blanco,AP-68,2,1,BILBAO,-2.90963,43.21954,24
346,,2006-09-11,21:52:45,Blanco,A-8,108,108,CANTABRIA,-2.8481,43.23587,18
347,Basauri,2006-09-11,21:28:25,Blanco,A-8,113,111,IRUN,-2.90804,43.23352,24
348,Bilbao,2006-09-11,10:45:48,Blanco,AP-68,7,7,ZARAGOZA,-2.896885,43.18242,27
349,"Etxebarri, Ant S. Esteban-Etxebarri D. E.",2006-09-11,08:58:41,Blanco,N-634,107,107,DONOSTIA/SAN SEBASTIN,-2.893143,43.25446,17
350,Arrigorriaga,2006-09-10,23:54:59,Blanco,AP-68,5,5,BILBAO,-2.894915,43.19935,27
351,Bilbao,2006-09-08,07:58:25,Blanco,AP-68,5,5,BILBAO,-2.894915,43.19935,27
352,,2006-09-07,23:13:37,Blanco,N-637,19,19,ERLETXE ( por PTE. RONTEGI),-2.88211,43.28174,15
353,Basauri,2006-09-07,21:15:34,Blanco,A-8,112,112,CANTABRIA,-2.89581,43.23219,17
354,Alonsotegi,2006-09-07,16:25:11,Blanco,BI-636,8,8,BILBAO,-2.982984,43.2456,51
355,Bilbao,2006-09-07,03:22:24,Blanco,AP-68,15,15,BILBAO,-2.923555,43.12848,31
356,Alonsotegi,2006-09-07,10:03:51,Blanco,BI-636,9,9,BILBAO,-2.993629,43.24061,28
357,Bilbao,2006-09-07,03:22:24,Blanco,AP-68,5,5,BILBAO,-2.894915,43.19935,27
358,,2006-09-06,23:43:22,Blanco,N-634,93,93,DONOSTIA/SAN SEBASTIN,-2.74404,43.22788,20
359,,2006-09-06,23:07:33,Blanco,BI-604,6,6,ASUA,-2.95429,43.29389,9
360,Basauri,2006-09-06,21:51:21,Blanco,A-8,113,113,CANTABRIA,-2.908069,43.23378,24
361,Bilbao,2006-09-06,08:44:51,Blanco,AP-68,7,7,BILBAO,-2.896871,43.18217,27
362,Bilbao,2006-09-05,21:34:51,Blanco,AP-68,0,0,BILBAO,-2917.0,43.23466,35
363,Galdakao,2006-09-06,04:48:04,Blanco,N-637,27,27,ERLETXE ( por PTE. RONTEGI),-2.80346,43.24778,8
364,Bilbao,2006-09-05,23:22:49,Blanco,BI-604,7,7,BILBAO,-2.94935,43.29915,9
365,Galdakao,2006-09-05,10:31:30,Blanco,N-634,99,99,DONOSTIA/SAN SEBASTIN,-2.81734,43.23187,8
366,,2006-09-05,10:25:08,Blanco,BI-636,8,8,BILBAO,-2.982984,43.2456,51
367,Arrigorriaga,2006-09-05,08:02:09,Blanco,AP-68,7,7,BILBAO,-2.896871,43.18217,27
368,Santurtzi,2006-09-05,06:01:28,Blanco,N-644,132,132,Bilbao,-3.04274,43.34047,16
369,,2006-09-05,00:15:45,Blanco,A-8,102,102,IRUN,-2.78204,43.23156,26
370,Erandio,2006-09-04,22:52:43,Blanco,BI-637,9,9,KURTXES(BERANGO),-2.96194,43.30914,9
371,Basauri,2006-09-04,22:24:46,Blanco,A-8,113,113,CANTABRIA,-2.908069,43.23378,24
372,Bilbao,2006-09-04,09:55:34,Blanco,BI-636,7,7,BILBAO,-2.974041,43.25064,7
373,Bilbao,2006-09-04,07:35:45,Rojo,AP-68,2,2,ZARAGOZA,-2.909877,43.21948,24
374,Bilbao,2006-09-03,21:57:20,Blanco,N-634,117,117,SANTANDER,-2.978089,43.27842,7
375,Bilbao,2006-09-01,10:08:42,Blanco,BI-636,8,8,BILBAO,-2.982984,43.2456,51
376,Areatza,2006-09-01,09:57:12,Blanco,N-240,28,28,BILBAO,-2.70798,43.06164,0
377,Bilbao,2006-09-01,09:35:07,Amarillo,N-634,103,107,SANTANDER,-2.861065,43.23255,3
378,Muskiz,2006-09-01,09:05:21,Blanco,A-8,139,139,IRUN,-3.1511,43.34147,35
379,Basauri,2006-09-01,04:33:21,Blanco,A-8,111,111,CANTABRIA,-2.883459,43231.0,45
380,Barakaldo,2006-08-31,23:53:54,Blanco,A-8,124,124,IRUN,-3005.0,43.28859,35
381,Bilbao,2006-08-31,08:51:21,Amarillo,N-634,103,107,SANTANDER,-2.861065,43.23255,3
382,,2006-08-31,08:40:49,Blanco,BI-636,5,5,CADAGUA,-2.97139,43.26691,7
383,Santurtzi,2006-08-30,21:10:08,Blanco,N-644,131,131,Bilbao,-3.047636,43.33763,16
384,Balmaseda,2006-06-19,16:14:58,Blanco,BI-636,17,17,CADAGUA,-3.05277,43.19161,47
385,Santurtzi,2006-08-29,21:03:35,Blanco,N-644,131,131,Bilbao,-3.047636,43.33763,16
386,,2006-08-29,08:54:16,Blanco,AP-68,18,19,ZARAGOZA,-2.915516,43.10396,31
387,Leioa,2006-08-28,23:02:19,Blanco,BI-637,13,14,KUKULARRA,-2.99625,43.33018,9
388,Bilbao,2006-08-28,02:08:44,Amarillo,BI-604,3,3,ASUA,-2.948006,43.27291,19
389,Bilbao,2006-08-24,13:05:31,Blanco,BI-604,3,3,ASUA,-2.948006,43.27291,19
390,,2006-08-24,08:15:15,Blanco,BI-625,387,387,BILBAO,-2.869607,43.23562,3
391,Gordexola,2006-08-24,07:58:31,Blanco,BI-630,49,53,CARRANZA,-3.29343,43.2377,35
392,Bilbao,2006-08-23,23:12:11,Blanco,A-8,126,126,IRUN,-3.02248,43.30032,12
393,Bilbao,2006-08-23,22:12:11,Blanco,A-8,111,113,IRUN,-2.88343,43.2309,3
394,,2006-08-23,10:01:21,Blanco,N-634,99,99,DONOSTIA/SAN SEBASTIN,-2.81734,43.23187,8
395,,2006-08-23,09:12:36,Blanco,A-8,127,127,IRUN,-3.02827,43308.0,45
396,,2006-08-23,07:35:05,Blanco,N-634,104,104,SANTANDER,-2.87085,43.23714,3
397,Bilbao,2006-08-22,22:20:46,Blanco,A-8,111,113,CANTABRIA,-2.883459,43231.0,45
398,,2006-08-22,10:20:27,Blanco,A-8,126,126,IRUN,-3.02248,43.30032,12
399,,2006-08-21,22:22:48,Blanco,N-634,98,99,SANTANDER,-2.80671,43.23633,8
400,Bilbao,2006-08-21,22:21:45,Blanco,A-8,111,113,IRUN,-2.88343,43.2309,3
401,,2006-08-21,08:06:48,Blanco,BI-604,6,6,BILBAO,-2.95436,43.2942,9
402,Basauri,2006-08-20,22:17:10,Amarillo,A-8,113,111,IRUN,-2.90804,43.23352,24
403,Alonsotegi,2006-08-18,12:10:35,Blanco,BI-636,11,11,BILBAO,-3.01027,43.23294,42
404,Barakaldo,2006-08-17,23:11:57,Amarillo,A-8,122,120,IRUN,-2.98578,43.28167,7
405,,2006-08-17,21:13:59,Blanco,A-8,111,113,CANTABRIA,-2.883459,43231.0,45
406,,2006-08-17,09:37:11,Blanco,AP-68,22,22,BILBAO,-2.92426,43.07066,31
407,Gees,2006-08-17,09:34:46,Amarillo,BI-636,15,15,BILBAO,-3.042234,43.20626,47
408,Bilbao,2006-08-16,11:15:22,Blanco,A-8,117,117,IRUN,-2.94541,43.25161,6
409,Alonsotegi,2006-08-16,08:10:51,Blanco,BI-636,10,10,BILBAO,-3.004337,43.23591,42
410,Bilbao,2006-08-16,01:19:00,Blanco,A-8,114,114,IRUN,-2.91894,43.23552,24
411,Basauri,2006-08-14,22:24:58,Blanco,A-8,112,113,CANTABRIA,-2.89581,43.23219,17
412,,2006-08-14,17:26:59,Blanco,BI-625,352,352,BILBAO,-3.00485,42.99352,31
413,,2006-08-13,22:18:18,Blanco,A-8,111,113,CANTABRIA,-2.883459,43231.0,45
414,Alonsotegi,2006-08-13,16:35:23,Negro,BI-636,10,10,BILBAO,-3.004337,43.23591,42
415,Bilbao,2006-08-11,10:18:15,Blanco,A-8,117,117,CANTABRIA,-2.94514,43.25163,6
416,Bilbao,2006-08-11,08:31:22,Blanco,BI-625,387,387,BILBAO,-2.869607,43.23562,3
417,Bilbao,2006-08-11,00:52:58,Blanco,A-8,115,115,CANTABRIA,-2.927724,43.24221,5
418,,2006-08-10,09:30:19,Blanco,N-634,98,98,DONOSTIA/SAN SEBASTIN,-2.80671,43.23633,8
419,Bilbao,2006-08-10,09:28:43,Blanco,A-8,117,117,CANTABRIA,-2.94514,43.25163,6
420,Santurtzi,2006-08-10,07:40:20,Blanco,A-8,130,130,CANTABRIA,-3.055796,43.3228,4
421,Basauri,2006-08-09,22:14:39,Blanco,A-8,113,113,CANTABRIA,-2.908069,43.23378,24
422,,2006-08-09,08:35:22,Blanco,BI-625,387,387,BILBAO,-2.869607,43.23562,3
423,Bilbao,2006-08-09,09:21:45,Blanco,A-8,117,117,CANTABRIA,-2.94514,43.25163,6
424,Santurtzi,2006-08-09,07:45:13,Blanco,A-8,131,131,CANTABRIA,-3.06688,43.32718,36
425,Barakaldo,2006-08-08,22:43:48,Blanco,A-8,123,123,IRUN,-2.99417,43.28436,7
426,Basauri,2006-08-08,21:10:31,Amarillo,A-8,113,115,CANTABRIA,-2.908069,43.23378,24
427,Alonsotegi,2006-08-08,09:51:36,Amarillo,BI-636,10,10,BILBAO,-3.004337,43.23591,42
428,,2006-08-08,09:13:49,Blanco,A-8,117,117,CANTABRIA,-2.94514,43.25163,6
429,Bilbao,2006-08-08,08:25:06,Blanco,BI-625,387,387,BILBAO,-2.869607,43.23562,3
430,,2006-08-08,08:01:05,Blanco,A-8,130,130,CANTABRIA,-3.055796,43.3228,4
431,Leioa,2006-08-07,23:00:47,Blanco,BI-637,10,10,KUKULARRA,-2.96916,43.31636,9
432,,2006-08-07,09:45:32,Blanco,AP-68,21,21,BILBAO,-2.91702,43.07784,31
433,Bilbao,2006-08-07,08:19:46,Blanco,BI-625,387,387,BILBAO,-2.869607,43.23562,3
434,Loiu,2006-08-07,02:52:32,Blanco,N-637,16,16,CRUCES,-2.915619,43.28973,1
435,Basauri,2006-08-06,23:28:22,Blanco,A-8,113,113,CANTABRIA,-2.908069,43.23378,24
436,Galdakao,2006-08-05,01:44:30,Blanco,A-8,102,102,CANTABRIA,-2.78167,43.23172,26
437,Bilbao,2006-08-04,10:12:11,Blanco,BI-636,7,7,BILBAO,-2.974041,43.25064,7
438,Bilbao,2006-08-04,08:50:18,Blanco,N-634,99,99,SANTANDER,-2.81734,43.23225,8
439,Barakaldo,2006-08-03,22:10:09,Blanco,A-8,124,124,IRUN,-3005.0,43.28859,35
440,Galdakao,2006-08-04,01:17:35,Blanco,N-637,28,28,ERLETXE ( por PTE. RONTEGI),-2.80231,43.23901,8
441,Bilbao,2006-08-04,00:28:39,Blanco,A-8,118,118,IRUN,-2.95362,43.2578,19
442,Arrankudiaga,2006-08-03,22:59:57,Amarillo,BI-625,373,373,BILBAO,-2.94059,43.15009,48
443,Basauri,2006-08-03,22:09:01,Blanco,A-8,111,113,CANTABRIA,-2.883459,43231.0,45
444,Galdakao,2006-08-03,15:58:56,Blanco,N-634,99,99,DONOSTIA/SAN SEBASTIN,-2.81734,43.23187,8
445,Galdakao,2006-08-03,14:47:38,Blanco,BI-625,351,351,BILBAO,-3.011733,42.98379,31
446,Bilbao,2006-08-02,21:08:10,Blanco,A-8,111,113,CANTABRIA,-2.883459,43231.0,45
447,Muskiz,2006-08-02,21:44:08,Blanco,A-8,136,136,IRUN,-3.11643,43.33947,23
448,,2006-08-02,11:41:32,Amarillo,A-8,121,121,IRUN,-2.977874,43.27453,7
449,,2006-08-02,09:39:18,Blanco,BI-625,387,387,BILBAO,-2.869607,43.23562,3
450,Erandio,2006-08-01,23:24:07,Amarillo,N-637,11,11,ERLETXE ( por PTE. RONTEGI),-2.9652,43.29959,9
451,Basauri,2006-08-01,22:55:08,Amarillo,BI-625,380,380,BILBAO,-2.89631,43.18533,27
452,Bilbao,2006-08-01,09:16:33,Amarillo,A-8,116,116,CANTABRIA,-2.93578,43.2479,5
453,Leioa,2006-08-01,08:42:45,Blanco,N-637,19,19,ERLETXE ( por PTE. RONTEGI),-2.88211,43.28174,15
454,Bilbao,2006-07-31,23:07:50,Blanco,A-8,113,113,CANTABRIA,-2.908069,43.23378,24
455,Galdakao,2006-07-31,22:18:31,Blanco,N-634,102,102,DONOSTIA/SAN SEBASTIN,-2.849825,43.23083,18
456,Bilbao,2006-07-28,10:52:54,Blanco,BI-636,8,8,BILBAO,-2.982984,43.2456,51
457,,2006-07-28,08:40:43,Amarillo,N-637,18,18,ERLETXE ( por PTE. RONTEGI),-2.89266,43.28633,15
458,,2006-07-28,02:41:41,Blanco,N-634,106,107,DONOSTIA/SAN SEBASTIN,-2.889185,43.24773,17
459,Santurtzi,2006-07-27,23:51:23,Blanco,N-644,132,132,Bilbao,-3.04274,43.34047,16
460,Amorebieta-Etxano,2006-07-27,23:18:10,Amarillo,N-634,92,92,SANTANDER,-2.73286,43.22458,13
461,Basauri,2006-07-27,21:16:03,Blanco,A-8,111,111,CANTABRIA,-2.883459,43231.0,45
462,Bilbao,2006-07-27,13:54:18,Blanco,BI-636,7,7,BILBAO,-2.974041,43.25064,7
463,Erandio,2006-07-27,01:19:50,Blanco,N-633,10,10,AEROPUERTO DE LOIU,-2.88083,43.28849,15
464,Leioa,2006-07-26,22:39:14,Blanco,BI-637,10,10,KUKULARRA,-2.96916,43.31636,9
465,Santurtzi,2006-07-26,23:20:57,Blanco,N-644,131,131,Bilbao,-3.047636,43.33763,16
466,Bilbao,2006-07-26,21:43:52,Blanco,A-8,113,113,IRUN,-2.90804,43.23352,24
467,Bilbao,2006-07-26,10:47:38,Amarillo,A-8,116,117,CANTABRIA,-2.93578,43.2479,5
468,Leioa,2006-07-25,23:25:09,Verde,BI-637,13,13,KUKULARRA,-2.99625,43.33018,9
469,,2006-07-24,10:21:10,Blanco,AP-68,9,9,BILBAO,-2.91544,43.17173,46
470,Basauri,2006-07-23,22:18:25,Blanco,A-8,113,113,CANTABRIA,-2.908069,43.23378,24
471,Galdakao,2006-07-21,11:16:08,Blanco,A-8,103,103,IRUN,-2.79332,43.23281,8
472,Alonsotegi,2006-07-21,09:53:04,Blanco,BI-636,10,10,BILBAO,-3.004337,43.23591,42
473,Balmaseda,2006-07-21,00:28:33,Blanco,BI-636,15,15,BILBAO,-3.042234,43.20626,47
474,Leioa,2006-07-20,23:19:56,Blanco,N-637,11,11,CRUCES,-2.96529,43.30067,9
475,Leioa,2006-07-20,23:15:04,Blanco,N-637,17,17,CRUCES,-2.903443,43.28884,15
476,Bilbao,2006-07-20,21:17:55,Blanco,A-8,111,113,CANTABRIA,-2.883459,43231.0,45
477,Bilbao,2006-07-20,01:03:15,Blanco,BI-604,3,3,ASUA,-2.948006,43.27291,19
478,Arrankudiaga,2006-07-19,22:20:12,Blanco,BI-625,378,378,BILBAO,-2.91028,43.17838,46
479,Bilbao,2006-07-19,21:15:18,Blanco,A-8,112,113,CANTABRIA,-2.89581,43.23219,17
480,,2006-07-18,10:46:46,Blanco,BI-637,8,8,KUKULARRA,-2.96382,43.30131,9
481,Gees,2006-07-18,10:00:32,Blanco,BI-636,15,15,BILBAO,-3.042234,43.20626,47
482,Alonsotegi,2006-07-17,10:09:32,Blanco,BI-636,9,9,BILBAO,-2.993629,43.24061,28
483,Arrankudiaga,2006-07-16,23:53:54,Blanco,BI-625,373,373,BILBAO,-2.94059,43.15009,48
484,,2006-07-16,22:23:20,Amarillo,A-8,113,113,CANTABRIA,-2.908069,43.23378,24
485,Alonsotegi,2006-07-14,08:05:33,Blanco,BI-636,11,11,BILBAO,-3.01027,43.23294,42
486,Bilbao,2006-07-13,21:17:45,Amarillo,A-8,112,112,CANTABRIA,-2.89581,43.23219,17
487,Bilbao,2006-07-13,16:34:11,Amarillo,A-8,117,117,CANTABRIA,-2.94514,43.25163,6
488,Alonsotegi,2006-07-13,10:26:48,Blanco,BI-636,17,17,BILBAO,-3.05277,43.19161,47
489,,2006-07-13,08:41:07,Blanco,BI-636,7,7,BILBAO,-2.974041,43.25064,7
490,Valle de Trpaga-Trapagaran,2006-07-12,23:34:02,Amarillo,A-8,126,126,IRUN,-3.02248,43.30032,12
491,Basauri,2006-07-12,21:26:09,Blanco,A-8,113,113,CANTABRIA,-2.908069,43.23378,24
492,Valle de Trpaga-Trapagaran,2006-07-12,03:08:58,Blanco,A-8,127,127,CANTABRIA,-3.02809,43.30814,12
493,Erandio,2006-07-11,22:44:25,Blanco,BI-738,11,11,ARTAZA,-2.977644,43321.0,45
494,Basauri,2006-07-11,20:31:51,Amarillo,A-8,111,111,IRUN,-2.88343,43.2309,3
495,Bilbao,2006-07-11,20:31:51,Blanco,A-8,117,117,CANTABRIA,-2.94514,43.25163,6
496,Erandio,2006-07-10,23:29:30,Amarillo,BI-738,10,10,ARTAZA,-2.968759,43.31632,9
497,Basauri,2006-07-10,21:15:19,Blanco,A-8,113,113,CANTABRIA,-2.908069,43.23378,24
498,Bilbao,2006-07-10,08:59:04,Blanco,BI-636,8,8,BILBAO,-2.982984,43.2456,51
499,Basauri,2006-07-09,22:38:30,Blanco,A-8,111,113,CANTABRIA,-2.883459,43231.0,45
500,,2006-07-07,08:23:05,Blanco,BI-637,16,16,KUKULARRA,-2.99885,43.35301,9
501,,2006-07-07,12:03:17,Blanco,N-634,104,104,DONOSTIA/SAN SEBASTIN,-2.87085,43.23714,3
502,Alonsotegi,2006-07-07,10:40:48,Amarillo,BI-636,9,9,BILBAO,-2.993629,43.24061,28
503,,2006-07-07,08:07:49,Blanco,AP-68,14,14,BILBAO,-2.93247,43.13451,48
504,Barakaldo,2006-07-07,00:33:20,Blanco,A-8,123,123,IRUN,-2.99417,43.28436,7
505,Basauri,2006-07-06,21:17:26,Blanco,A-8,112,112,CANTABRIA,-2.89581,43.23219,17
506,Artea,2006-07-06,18:49:47,Blanco,N-240,26,26,VITORIA-GASTEIZ,-2.69492,43.04657,29
507,Getxo,2006-07-06,09:27:32,Blanco,BI-637,16,16,KURTXES(BERANGO),-2.99859,43.35276,9
508,Zalla,2006-07-06,09:39:54,Blanco,BI-636,24,24,CADAGUA,-3.12616,43.20516,2
509,,2006-07-06,09:10:42,Blanco,N-634,105,105,SANTANDER,-2.878493,43.24412,3
510,,2006-07-06,09:03:29,Blanco,BI-636,7,7,CADAGUA,-2.97423,43.25073,7
511,Erandio,2006-07-05,23:06:12,Blanco,N-637,12,12,ERLETXE ( por PTE. RONTEGI),-2.95528,43.29934,9
512,Muskiz,2006-07-05,22:21:12,Blanco,A-8,129,129,IRUN,-3.0482,43.31625,4
513,Igorre,2006-07-05,12:20:38,Blanco,N-240,22,22,BILBAO,-2.683908,43.01331,29
514,,2006-07-05,10:16:34,Blanco,A-8,126,126,IRUN,-3.02248,43.30032,12
515,,2006-07-05,10:01:30,Blanco,BI-636,4,4,CADAGUA,-2.964667,43.26813,7
516,,2006-07-05,09:59:04,Blanco,N-634,99,99,SANTANDER,-2.81734,43.23225,8
517,Muskiz,2006-07-04,22:15:22,Blanco,A-8,132,132,IRUN,-3.07694,43.33036,37
518,Mungia,2006-07-04,22:14:27,Blanco,BI-631,17,17,Bermeo,-2.86008,43.34819,54
519,Basauri,2006-07-04,22:13:12,Blanco,A-8,112,112,CANTABRIA,-2.89581,43.23219,17
520,Gees,2006-07-04,11:34:52,Amarillo,BI-636,13,13,CADAGUA,-3.023021,43.21976,42
521,,2006-07-04,09:43:15,Blanco,BI-636,6,6,BILBAO,-2.96896,43.25747,7
522,,2006-07-04,08:48:04,Blanco,N-634,103,103,DONOSTIA/SAN SEBASTIN,-2.861065,43.23255,3
523,,2006-07-04,08:12:48,Blanco,N-637,27,27,ERLETXE ( por PTE. RONTEGI),-2.80346,43.24778,8
524,,2006-07-04,07:58:42,Blanco,AP-68,10,10,ZARAGOZA,-2.920465,43.1638,46
525,Santurtzi,2006-07-04,01:12:43,Blanco,A-8,129,129,IRUN,-3.0482,43.31625,4
526,Muskiz,2006-07-03,22:03:34,Amarillo,A-8,136,136,CANTABRIA,-3.11618,43.33962,23
527,Basauri,2006-07-03,21:20:58,Amarillo,A-8,111,113,CANTABRIA,-2.883459,43231.0,45
528,,2006-07-03,11:42:13,Blanco,BI-636,5,5,CADAGUA,-2.97139,43.26691,7
529,Muskiz,2006-07-03,10:58:20,Blanco,A-8,139,139,IRUN,-3.1511,43.34147,35
530,Arrigorriaga,2006-07-03,01:40:44,Blanco,BI-625,380,380,BILBAO,-2.89631,43.18533,27
531,Mungia,2006-07-02,21:50:10,Blanco,BI-631,10,10,Bermeo,-2.88094,43.28831,15
532,,2006-06-30,09:11:21,Blanco,N-634,103,103,SANTANDER,-2.861065,43.23255,3
533,Muskiz,2006-06-30,08:39:23,Blanco,A-8,139,139,IRUN,-3.1511,43.34147,35
534,Bilbao,2006-06-29,23:32:59,Blanco,AP-68,11,11,ZARAGOZA,-2.929267,43.15753,48
535,Larrabetzu,2006-06-29,22:02:57,Blanco,N-637,18,18,CRUCES,-2.89252,43.28645,15
536,Bilbao,2006-06-29,21:25:43,Blanco,A-8,111,113,CANTABRIA,-2.883459,43231.0,45
537,,2006-06-29,08:26:37,Blanco,BI-738,10,10,ARTAZA,-2.968759,43.31632,9
538,,2006-06-29,08:45:03,Blanco,AP-68,8,6,BILBAO,-2.9047,43.17565,46
539,Galdakao,2006-06-29,10:11:16,Blanco,N-634,101,102,DONOSTIA/SAN SEBASTIN,-2.838604,43.22767,8
540,Bilbao,2006-06-29,10:13:49,Blanco,BI-631,5,6,Bermeo,-2.89785,43.26284,17
541,Ugao-Miraballes,2006-06-29,09:39:55,Blanco,AP-68,19,20,BILBAO,-2.918417,43.09539,31
542,Alonsotegi,2006-06-29,08:50:22,Blanco,BI-636,11,11,BILBAO,-3.01027,43.23294,42
543,Basauri,2006-06-28,22:09:51,Blanco,A-8,112,112,CANTABRIA,-2.89581,43.23219,17
544,,2006-06-28,07:56:57,Blanco,AP-68,7,13,ZARAGOZA,-2.896885,43.18242,27
545,,2006-06-27,23:30:04,Blanco,N-637,17,17,ERLETXE ( por PTE. RONTEGI),-2.903674,43.28876,15
546,Basauri,2006-06-27,22:40:04,Blanco,A-8,113,113,CANTABRIA,-2.908069,43.23378,24
547,,2006-06-27,07:17:41,Blanco,AP-68,12,13,ZARAGOZA,-2.93799,43.15182,48
548,Derio,2006-06-27,21:55:38,Blanco,N-637,11,11,ERLETXE ( por PTE. RONTEGI),-2.9652,43.29959,9
549,Barakaldo,2006-06-26,21:54:05,Blanco,A-8,122,122,IRUN,-2.98578,43.28167,7
550,Basauri,2006-06-26,21:13:23,Blanco,A-8,112,112,CANTABRIA,-2.89581,43.23219,17
551,,2006-06-26,12:55:06,Blanco,AP-68,3,5,ZARAGOZA,-2.89915,43.2159,27
552,,2006-06-26,10:27:01,Blanco,BI-636,11,11,CADAGUA,-3.01055,43.23312,42
553,Arakaldo,2006-06-25,22:12:31,Blanco,AP-68,11,11,ZARAGOZA,-2.929267,43.15753,48
554,Erandio,2006-06-26,02:10:23,Blanco,BI-637,9,9,KURTXES(BERANGO),-2.96194,43.30914,9
555,Bilbao,2006-06-25,23:24:32,Blanco,A-8,111,113,CANTABRIA,-2.883459,43231.0,45
556,Urdua-Ordua,2006-05-30,13:38:47,Blanco,BI-2521,41,44,ORDUA,-2.99372,42.99161,31
557,Arrigorriaga,2006-06-23,08:15:07,Blanco,AP-68,10,11,ZARAGOZA,-2.920465,43.1638,46
558,,2006-06-23,09:33:39,Blanco,AP-68,19,18,BILBAO,-2.918417,43.09539,31
559,Abanto y Cirvana-Abanto Zierbena,2006-06-23,09:21:12,Amarillo,A-8,130,131,CANTABRIA,-3.055796,43.3228,4
560,,2006-06-22,21:31:12,Blanco,A-8,111,113,CANTABRIA,-2.883459,43231.0,45
561,,2006-06-22,18:42:27,Blanco,AP-68,15,15,BILBAO,-2.923555,43.12848,31
562,Abanto y Cirvana-Abanto Zierbena,2006-06-22,09:47:52,Amarillo,A-8,131,131,CANTABRIA,-3.06688,43.32718,36
563,,2006-06-21,23:12:28,Blanco,BI-637,15,16,KURTXES(BERANGO),-2.99255,43.34514,9
564,,2006-06-21,21:39:26,Blanco,A-8,111,113,IRUN,-2.88343,43.2309,3
565,,2006-06-19,07:14:43,Blanco,AP-68,6,7,ZARAGOZA,-2.89627,43.19152,27
566,,2006-06-21,12:20:06,Amarillo,N-634,103,103,SANTANDER,-2.861065,43.23255,3
567,Zierbena,2006-06-21,09:40:59,Blanco,A-8,132,132,CANTABRIA,-3.076844,43.33044,37
568,Iurreta,2006-06-21,06:40:13,Amarillo,N-634,80,80,DONOSTIA/SAN SEBASTIN,-2.621619,43.17265,14
569,Barakaldo,2006-06-20,23:14:54,Blanco,A-8,122,122,IRUN,-2.98578,43.28167,7
570,,2006-06-20,23:02:54,Blanco,BI-637,15,16,KURTXES(BERANGO),-2.99255,43.34514,9
571,,2006-06-19,00:03:03,Blanco,AP-68,9,10,ZARAGOZA,-2.9156,43.17181,46
572,Bilbao,2006-06-20,22:15:56,Amarillo,A-8,111,113,CANTABRIA,-2.883459,43231.0,45
573,Bilbao,2006-06-19,21:19:26,Blanco,A-8,113,113,CANTABRIA,-2.908069,43.23378,24
574,Leioa,2006-06-19,14:55:47,Blanco,BI-637,16,16,KUKULARRA,-2.99885,43.35301,9
575,,2006-06-17,03:19:39,Blanco,BI-637,9,9,KUKULARRA,-2.9623,43.30933,9
576,,2006-06-15,20:05:25,Blanco,AP-68,6,7,ZARAGOZA,-2.89627,43.19152,27
577,Getxo,2006-06-16,09:37:13,Blanco,BI-637,17,17,KURTXES(BERANGO),-3.00117,43.36139,9
578,Arrigorriaga,2006-06-16,06:55:53,Blanco,AP-68,7,7,BILBAO,-2.896871,43.18217,27
579,Zamudio,2006-06-16,02:45:04,Blanco,N-637,21,21,CRUCES,-2.8608,43.27315,21
580,Larrabetzu,2006-06-15,23:38:02,Blanco,N-637,26,27,CRUCES,-2.80686,43.25609,8
581,Muskiz,2006-06-15,23:36:44,Blanco,A-8,133,133,IRUN,-3.08903,43.3294,34
582,Arrigorriaga,2006-06-14,19:44:46,Blanco,AP-68,6,6,ZARAGOZA,-2.89627,43.19152,27
583,Arrigorriaga,2006-06-14,08:21:17,Blanco,AP-68,9,9,BILBAO,-2.91544,43.17173,46
584,Balmaseda,2006-06-14,22:43:53,Blanco,A-8,119,119,IRUN,-2.96165,43.26411,7
585,,2006-06-12,22:20:11,Blanco,AP-68,6,7,ZARAGOZA,-2.89627,43.19152,27
586,Arrigorriaga,2006-06-13,22:42:25,Blanco,AP-68,7,7,BILBAO,-2.896871,43.18217,27
587,Basauri,2006-06-13,22:20:59,Blanco,A-8,113,113,CANTABRIA,-2.908069,43.23378,24
588,Arrankudiaga,2006-06-13,09:24:12,Blanco,AP-68,8,7,BILBAO,-2.9047,43.17565,46
589,,2006-06-12,23:43:29,Blanco,BI-625,387,387,BILBAO,-2.869607,43.23562,3
590,Bilbao,2006-06-12,22:45:24,Blanco,A-8,120,120,IRUN,-2.96792,43.27208,7
591,,2006-06-12,02:40:44,Blanco,AP-68,9,9,BILBAO,-2.91544,43.17173,46
592,Alonsotegi,2006-06-12,12:13:25,Rojo,BI-636,9,9,BILBAO,-2.993629,43.24061,28
593,,2006-06-12,10:36:15,Blanco,N-634,98,99,SANTANDER,-2.80671,43.23633,8
594,Basauri,2006-06-11,23:22:12,Blanco,A-8,111,113,CANTABRIA,-2.883459,43231.0,45
595,Arrankudiaga,2006-06-09,07:14:53,Blanco,AP-68,15,9,BILBAO,-2.923555,43.12848,31
596,Basauri,2006-06-09,06:40:38,Amarillo,A-8,111,111,CANTABRIA,-2.883459,43231.0,45
597,Bilbao,2006-06-08,23:05:23,Amarillo,A-8,117,118,CANTABRIA,-2.94514,43.25163,6
598,Arrigorriaga,2006-06-08,07:36:31,,AP-68,9,9,BILBAO,-2.91544,43.17173,46
599,Bilbao,2006-06-07,22:49:00,Blanco,A-8,120,120,IRUN,-2.96792,43.27208,7
600,Basauri,2006-06-07,21:20:34,Blanco,A-8,113,113,CANTABRIA,-2.908069,43.23378,24
601,Arrankudiaga,2006-06-07,07:28:46,Blanco,AP-68,15,6,BILBAO,-2.923555,43.12848,31
602,Basauri,2006-06-06,21:16:56,Blanco,A-8,111,113,CANTABRIA,-2.883459,43231.0,45
603,Muskiz,2006-06-06,15:10:01,Blanco,A-8,131,131,CANTABRIA,-3.06688,43.32718,36
604,Barakaldo,2006-06-06,08:36:04,Blanco,N-634,118,118,SANTANDER,-2.983428,43.28587,7
605,Basauri,2006-06-06,08:12:38,Blanco,A-8,110,110,IRUN,-2.87208,43.23117,3
606,Urdua-Ordua,2006-06-01,16:48:40,Blanco,BI-4533,45,47,MENDIKA (ORDUA),-3.04109,43.02551,31
607,Ortuella,2006-06-05,23:23:09,Amarillo,A-8,130,130,IRUN,-3.05598,43.32278,4
608,,2006-06-05,09:34:43,Amarillo,BI-625,380,380,BILBAO,-2.89631,43.18533,27
609,Arrankudiaga,2006-06-05,07:25:52,Blanco,AP-68,15,15,BILBAO,-2.923555,43.12848,31
610,Basauri,2006-06-04,23:00:19,Blanco,A-8,111,111,CANTABRIA,-2.883459,43231.0,45
611,Bilbao,2006-06-04,22:44:58,Blanco,A-8,120,120,IRUN,-2.96792,43.27208,7
612,Galdakao,2006-06-02,08:31:07,Blanco,N-634,99,99,DONOSTIA/SAN SEBASTIN,-2.81734,43.23187,8
613,Orozko,2006-06-02,07:46:47,Blanco,AP-68,19,19,BILBAO,-2.918417,43.09539,31
614,,2006-06-02,07:43:47,Blanco,AP-68,10,10,BILBAO,-2.920572,43.16348,46
615,Erandio,2006-06-01,23:05:46,Blanco,N-637,11,11,CRUCES,-2.96529,43.30067,9
616,,2006-06-01,22:28:49,Blanco,BI-636,12,12,BILBAO,-3.015879,43.22593,42
617,Basauri,2006-06-01,21:42:20,Amarillo,A-8,111,111,CANTABRIA,-2.883459,43231.0,45
618,Bilbao,2006-06-01,08:57:53,Amarillo,BI-636,5,5,CADAGUA,-2.97139,43.26691,7
619,Galdakao,2006-06-01,08:35:37,Blanco,N-634,99,99,SANTANDER,-2.81734,43.23225,8
620,,2006-06-01,05:44:41,Blanco,AP-68,5,10,BILBAO,-2.894915,43.19935,27
621,Muskiz,2006-05-31,23:27:21,Blanco,A-8,126,126,CANTABRIA,-3.02221,43.30038,12
622,Bilbao,2006-05-31,22:48:15,Blanco,A-8,120,120,IRUN,-2.96792,43.27208,7
623,Basauri,2006-05-31,21:44:15,Blanco,A-8,113,113,CANTABRIA,-2.908069,43.23378,24
624,Bilbao,2006-05-31,12:31:19,Blanco,BI-604,3,3,BILBAO,-2.948006,43.27291,19
625,Arrankudiaga,2006-05-31,07:53:30,Blanco,AP-68,11,11,BILBAO,-2.92958,43.15721,48
626,Galdakao,2006-05-31,08:52:49,Blanco,N-634,98,98,DONOSTIA/SAN SEBASTIN,-2.80671,43.23633,8
627,Abanto y Cirvana-Abanto Zierbena,2006-05-31,07:45:10,Blanco,A-8,131,131,CANTABRIA,-3.06688,43.32718,36
628,,2006-05-31,07:39:29,Blanco,AP-68,18,18,BILBAO,-2.91536,43.10357,31
629,Alonsotegi,2006-05-30,22:07:09,Blanco,BI-636,9,12,BILBAO,-2.993629,43.24061,28
630,Galdakao,2006-04-29,07:45:48,Blanco,A-8,103,103,CANTABRIA,-2.793435,43.23299,8
631,Basauri,2006-05-30,08:22:53,Amarillo,BI-625,387,387,BILBAO,-2.869607,43.23562,3
632,,2006-05-30,08:31:35,Blanco,N-634,98,98,DONOSTIA/SAN SEBASTIN,-2.80671,43.23633,8
633,,2006-05-30,06:49:45,Blanco,AP-68,18,18,BILBAO,-2.91536,43.10357,31
634,,2006-05-28,23:11:22,Blanco,AP-68,12,12,BILBAO,-2.937925,43.15139,48
635,,2006-05-29,23:42:40,Blanco,N-634,107,107,SANTANDER,-2.893143,43.25446,17
636,Bilbao,2006-05-29,23:17:16,Blanco,A-8,119,119,IRUN,-2.96165,43.26411,7
637,Abanto y Cirvana-Abanto Zierbena,2006-05-29,10:45:13,Blanco,A-8,135,135,CANTABRIA,-3.10568,43.33813,41
638,Alonsotegi,2006-05-29,10:24:42,Negro,BI-636,6,6,BILBAO,-2.96896,43.25747,7
639,Basauri,2006-05-29,09:22:55,Blanco,A-8,111,111,IRUN,-2.88343,43.2309,3
640,Barakaldo,2006-05-28,23:34:00,Blanco,N-637,9,9,CRUCES,-2.985246,43.29098,7
641,Arrigorriaga,2006-05-28,23:11:22,Blanco,AP-68,7,7,BILBAO,-2.896871,43.18217,27
642,Basauri,2006-05-28,22:25:29,Blanco,A-8,113,113,CANTABRIA,-2.908069,43.23378,24
643,Leioa,2006-05-27,08:28:57,Blanco,N-637,9,9,ERLETXE ( por PTE. RONTEGI),-2.985097,43.29096,7
644,Erandio,2006-05-26,17:08:16,Blanco,N-637,12,12,ERLETXE ( por PTE. RONTEGI),-2.95528,43.29934,9
645,Gees,2006-05-26,11:20:03,Blanco,BI-636,14,14,BILBAO,-3.033625,43.21482,42
646,Galdakao,2006-05-26,02:47:42,Blanco,N-634,100,97,DONOSTIA/SAN SEBASTIN,-2.828036,43.23189,8
647,Valle de Trpaga-Trapagaran,2006-05-25,23:27:23,Blanco,A-8,126,126,IRUN,-3.02248,43.30032,12
648,Basauri,2006-05-25,22:45:03,Blanco,A-8,113,111,IRUN,-2.90804,43.23352,24
649,Arrankudiaga,2006-05-24,08:20:10,Blanco,AP-68,10,15,BILBAO,-2.920572,43.16348,46
650,Bilbao,2006-05-25,22:44:20,Blanco,A-8,120,120,IRUN,-2.96792,43.27208,7
651,Arrankudiaga,2006-05-25,07:36:13,Blanco,AP-68,19,19,BILBAO,-2.918417,43.09539,31
652,Alonsotegi,2006-05-25,10:47:20,Blanco,BI-636,11,11,BILBAO,-3.01027,43.23294,42
653,Leioa,2006-05-24,23:06:08,Blanco,BI-637,13,13,KURTXES(BERANGO),-2.99622,43.33024,9
654,Basauri,2006-05-25,02:22:53,Blanco,BI-625,387,387,BILBAO,-2.869607,43.23562,3
655,Bilbao,2006-05-24,22:38:18,Blanco,A-8,120,120,IRUN,-2.96792,43.27208,7
656,Gees,2006-05-24,10:33:00,Blanco,BI-636,14,14,BILBAO,-3.033625,43.21482,42
657,Arrankudiaga,2006-05-23,21:01:00,Blanco,AP-68,19,19,BILBAO,-2.918417,43.09539,31
658,Abanto y Cirvana-Abanto Zierbena,2006-05-24,08:18:26,Blanco,A-8,131,131,CANTABRIA,-3.06688,43.32718,36
659,Arrigorriaga,2006-05-23,21:01:00,Blanco,AP-68,11,11,BILBAO,-2.92958,43.15721,48
660,Leioa,2006-05-23,22:56:36,Blanco,BI-637,13,13,KUKULARRA,-2.99625,43.33018,9
661,Balmaseda,2006-05-24,00:47:06,Blanco,BI-636,26,26,CADAGUA,-3.14689,43.19862,2
662,Bilbao,2006-05-23,23:03:06,Blanco,A-8,113,113,CANTABRIA,-2.908069,43.23378,24
663,,2006-05-23,12:18:14,Blanco,AP-68,11,11,ZARAGOZA,-2.929267,43.15753,48
664,Muskiz,2006-05-23,08:36:12,Blanco,A-8,132,132,CANTABRIA,-3.076844,43.33044,37
665,Sestao,2006-05-23,00:11:04,Blanco,N-644,132,132,Bilbao,-3.04274,43.34047,16
666,Arrigorriaga,2006-05-22,21:04:46,Blanco,AP-68,12,10,BILBAO,-2.937925,43.15139,48
667,Bilbao,2006-05-23,00:46:23,Blanco,A-8,114,114,IRUN,-2.91894,43.23552,24
668,Bilbao,2006-05-22,22:45:03,Blanco,A-8,120,120,IRUN,-2.96792,43.27208,7
669,Basauri,2006-05-22,10:44:43,Blanco,A-8,111,111,IRUN,-2.88343,43.2309,3
670,Abanto y Cirvana-Abanto Zierbena,2006-05-22,09:36:29,Blanco,A-8,131,131,CANTABRIA,-3.06688,43.32718,36
671,Bilbao,2006-05-22,00:08:58,Blanco,BI-636,5,5,BILBAO,-2.97122,43.26661,7
672,Bilbao,2006-05-21,22:45:36,Blanco,A-8,111,113,CANTABRIA,-2.883459,43231.0,45
673,Galdakao,2006-05-21,21:46:10,Blanco,N-634,98,98,SANTANDER,-2.80671,43.23633,8
674,Murueta,2006-05-19,22:15:02,Blanco,BI-2235,43,43,BERMEO,-2.69394,43.36722,49
675,Basauri,2006-05-19,08:25:09,Amarillo,A-8,111,111,IRUN,-2.88343,43.2309,3
676,Galdakao,2006-05-19,10:16:10,Amarillo,N-634,98,98,DONOSTIA/SAN SEBASTIN,-2.80671,43.23633,8
677,Bilbao,2006-05-19,09:55:58,Blanco,BI-636,7,7,BILBAO,-2.974041,43.25064,7
678,,2006-05-19,08:58:10,Blanco,AP-68,15,0,BILBAO,-2.923555,43.12848,31
679,Santurtzi,2006-05-18,22:44:32,Blanco,N-644,131,131,Bilbao,-3.047636,43.33763,16
680,Bilbao,2006-05-18,22:43:14,Blanco,A-8,111,113,CANTABRIA,-2.883459,43231.0,45
681,Bilbao,2006-05-18,22:39:28,Blanco,A-8,120,120,IRUN,-2.96792,43.27208,7
682,Galdakao,2006-05-18,21:51:45,Blanco,N-634,99,99,SANTANDER,-2.81734,43.23225,8
683,Bilbao,2006-05-18,14:22:34,Amarillo,BI-604,3,3,BILBAO,-2.948006,43.27291,19
684,Basauri,2006-05-17,08:27:13,Amarillo,A-8,111,111,IRUN,-2.88343,43.2309,3
685,Arrigorriaga,2006-05-17,08:12:32,Blanco,AP-68,15,0,BILBAO,-2.923555,43.12848,31
686,Galdakao,2006-05-18,09:29:14,Amarillo,N-634,98,98,DONOSTIA/SAN SEBASTIN,-2.80671,43.23633,8
687,Santurtzi,2006-05-17,22:55:59,Blanco,N-644,131,131,Santurtzi,-3.047644,43.3378,16
688,,2006-05-17,22:55:59,Blanco,BI-604,6,6,ASUA,-2.95429,43.29389,9
689,Zamudio,2006-05-17,22:52:44,Blanco,N-637,19,19,ERLETXE ( por PTE. RONTEGI),-2.88211,43.28174,15
690,Barakaldo,2006-05-17,22:45:26,Blanco,A-8,124,126,IRUN,-3005.0,43.28859,35
691,Galdakao,2006-05-17,21:51:23,Blanco,N-634,99,99,SANTANDER,-2.81734,43.23225,8
692,Alonsotegi,2006-05-17,10:59:38,Amarillo,BI-636,9,9,BILBAO,-2.993629,43.24061,28
693,Valle de Trpaga-Trapagaran,2006-05-16,22:47:58,Blanco,A-8,125,127,IRUN,-3.01571,43.29307,12
694,Bilbao,2006-05-16,22:38:50,Blanco,A-8,120,120,IRUN,-2.96792,43.27208,7
695,Bilbao,2006-05-16,22:23:00,Blanco,A-8,111,113,CANTABRIA,-2.883459,43231.0,45
696,Galdakao,2006-05-16,21:56:14,Blanco,N-634,99,99,DONOSTIA/SAN SEBASTIN,-2.81734,43.23187,8
697,Galdakao,2006-05-15,10:58:11,Amarillo,N-634,98,99,DONOSTIA/SAN SEBASTIN,-2.80671,43.23633,8
698,Arrankudiaga,2006-05-15,22:10:56,Blanco,AP-68,13,13,BILBAO,-2.9368,43.14298,48
699,Lezama,2006-05-15,23:53:38,Blanco,N-637,20,20,CRUCES,-2.87165,43.27715,15
700,Barakaldo,2006-05-15,23:35:37,Blanco,A-8,123,123,IRUN,-2.99417,43.28436,7
701,Bilbao,2006-05-15,22:55:59,Blanco,A-8,114,114,CANTABRIA,-2.919231,43.23613,24
702,Galdakao,2006-05-15,21:55:51,Blanco,N-634,99,99,DONOSTIA/SAN SEBASTIN,-2.81734,43.23187,8
703,Galdakao,2006-05-14,21:44:00,Blanco,N-634,102,102,SANTANDER,-2.849825,43.23083,18
704,Arrigorriaga,2006-05-15,00:32:11,Blanco,AP-68,15,15,BILBAO,-2.923555,43.12848,31
705,Alonsotegi,2006-05-15,08:26:31,Blanco,BI-636,7,7,BILBAO,-2.974041,43.25064,7
706,Arrigorriaga,2006-05-15,00:32:11,Blanco,AP-68,1,1,BILBAO,-2.91548,43.22694,24
707,,2006-05-14,23:35:43,Blanco,BI-636,15,16,BILBAO,-3.042234,43.20626,47
708,Basauri,2006-05-08,08:52:27,Blanco,A-8,110,110,CANTABRIA,-2.87165,43.23132,3
709,Arrigorriaga,2006-05-12,07:52:07,Amarillo,AP-68,7,6,BILBAO,-2.896871,43.18217,27
710,Leioa,2006-05-11,23:14:40,Blanco,BI-647,1,4,UNIVERSIDAD,-2.98126,43.31677,9
711,Basauri,2006-05-11,23:13:42,Blanco,A-8,113,113,IRUN,-2.90804,43.23352,24
712,Arrigorriaga,2006-05-11,21:00:08,Blanco,AP-68,8,8,BILBAO,-2.9047,43.17565,46
713,Basauri,2006-05-11,01:34:49,Blanco,A-8,113,114,CANTABRIA,-2.908069,43.23378,24
714,Arakaldo,2006-05-11,00:34:07,Blanco,AP-68,15,15,BILBAO,-2.923555,43.12848,31
715,Bilbao,2006-05-10,22:58:24,Blanco,A-8,123,123,CANTABRIA,-2.994162,43.28455,7
716,Galdakao,2006-05-10,22:06:55,Blanco,N-634,99,99,DONOSTIA/SAN SEBASTIN,-2.81734,43.23187,8
717,Alonsotegi,2006-05-10,10:51:44,Amarillo,BI-636,7,7,BILBAO,-2.974041,43.25064,7
718,,2006-05-10,14:57:26,Blanco,AP-68,9,5,BILBAO,-2.91544,43.17173,46
719,Bilbao,2006-05-09,23:21:20,Blanco,A-8,117,117,IRUN,-2.94541,43.25161,6
720,Basauri,2006-05-08,23:21:59,Blanco,A-8,113,113,CANTABRIA,-2.908069,43.23378,24
721,Galdakao,2006-05-08,22:18:11,Blanco,N-634,99,99,DONOSTIA/SAN SEBASTIN,-2.81734,43.23187,8
722,,2006-05-08,08:12:30,Blanco,AP-68,7,9,ZARAGOZA,-2.896885,43.18242,27
723,,2006-05-08,10:25:23,Blanco,BI-637,15,15,KUKULARRA,-2.99326,43.34514,9
724,Muskiz,2006-05-08,10:06:22,Blanco,A-8,133,133,CANTABRIA,-3.08888,43.32966,34
725,Basauri,2006-05-07,23:35:25,Blanco,A-8,111,113,CANTABRIA,-2.883459,43231.0,45
726,Arrigorriaga,2006-05-03,08:12:28,Blanco,AP-68,10,10,BILBAO,-2.920572,43.16348,46
727,Bilbao,2006-05-04,22:19:09,Amarillo,A-8,113,113,CANTABRIA,-2.908069,43.23378,24
728,,2006-05-04,23:16:29,Amarillo,BI-3737,15,15,SOPELANA,-2.99931,43.36938,9
729,Leioa,2006-05-03,09:55:20,Blanco,BI-637,17,17,KUKULARRA,-3.00177,43.36153,9
730,Arrigorriaga,2006-05-03,21:37:07,Blanco,AP-68,6,6,ZARAGOZA,-2.89627,43.19152,27
731,,2006-05-03,23:47:21,Amarillo,A-8,133,133,CANTABRIA,-3.08888,43.32966,34
732,,2006-05-03,22:48:16,Amarillo,N-637,20,20,ERLETXE ( por PTE. RONTEGI),-2.87194,43.27703,15
733,Bilbao,2006-05-03,09:39:45,Blanco,BI-636,7,7,BILBAO,-2.974041,43.25064,7
734,Bilbao,2006-05-02,23:38:49,Blanco,A-8,117,117,CANTABRIA,-2.94514,43.25163,6
735,Bilbao,2006-05-02,23:37:38,Blanco,A-8,111,113,CANTABRIA,-2.883459,43231.0,45
736,Amorebieta-Etxano,2006-05-02,11:16:27,Amarillo,N-634,89,90,DONOSTIA/SAN SEBASTIN,-2.712898,43.20358,33
737,Arrigorriaga,2006-05-02,07:43:55,Blanco,AP-68,5,5,BILBAO,-2.894915,43.19935,27
738,Bilbao,2006-04-28,11:24:55,Blanco,A-8,117,117,CANTABRIA,-2.94514,43.25163,6
739,Sondika,2006-04-28,04:02:44,Blanco,N-637,16,16,CRUCES,-2.915619,43.28973,1
740,Galdakao,2006-04-28,03:47:47,Blanco,N-637,24,24,ERLETXE ( por PTE. RONTEGI),-2.82722,43.2641,8
741,Muskiz,2006-04-28,00:30:46,Blanco,A-8,133,133,CANTABRIA,-3.08888,43.32966,34
742,Bilbao,2006-04-27,23:04:22,Blanco,A-8,120,120,IRUN,-2.96792,43.27208,7
743,Bilbao,2006-04-27,22:22:40,Blanco,A-8,112,112,CANTABRIA,-2.89581,43.23219,17
744,,2006-04-24,08:20:38,Blanco,AP-68,9,8,BILBAO,-2.91544,43.17173,46
745,Bilbao,2006-04-25,23:13:29,Blanco,A-8,120,120,IRUN,-2.96792,43.27208,7
746,Basauri,2006-04-25,23:12:18,Blanco,A-8,112,112,CANTABRIA,-2.89581,43.23219,17
747,Bilbao,2006-04-25,10:02:46,Blanco,A-8,118,118,CANTABRIA,-2.95336,43.25788,19
748,Muskiz,2006-04-25,10:14:53,Blanco,A-8,133,133,CANTABRIA,-3.08888,43.32966,34
749,Bilbao,2006-04-24,23:00:08,Blanco,A-8,120,120,IRUN,-2.96792,43.27208,7
750,Bilbao,2006-04-24,22:58:49,Blanco,A-8,112,112,CANTABRIA,-2.89581,43.23219,17
751,Basauri,2006-04-23,23:06:47,Blanco,A-8,113,113,CANTABRIA,-2.908069,43.23378,24
752,Alonsotegi,2006-04-21,10:50:30,Blanco,BI-636,10,10,BILBAO,-3.004337,43.23591,42
753,Arrigorriaga,2006-04-21,09:17:50,Blanco,AP-68,15,10,BILBAO,-2.923555,43.12848,31
754,,2006-04-20,08:26:01,Blanco,AP-68,7,6,BILBAO,-2.896871,43.18217,27
755,Bilbao,2006-04-20,09:09:52,Blanco,A-8,139,139,IRUN,-3.1511,43.34147,35
756,,2006-04-20,08:26:01,Blanco,AP-68,15,15,BILBAO,-2.923555,43.12848,31
757,Bilbao,2006-04-19,08:42:59,Blanco,AP-68,12,12,BILBAO,-2.937925,43.15139,48
758,Muskiz,2006-04-19,08:54:24,Blanco,A-8,139,139,IRUN,-3.1511,43.34147,35
759,Basauri,2006-04-18,22:14:03,Blanco,A-8,113,113,CANTABRIA,-2.908069,43.23378,24
760,Bilbao,2006-04-18,22:39:01,Blanco,A-8,119,120,IRUN,-2.96165,43.26411,7
761,Bilbao,2006-04-18,12:44:15,Blanco,AP-68,4,4,BILBAO,-2.893752,43.20781,27
762,Leioa,2006-04-17,23:11:42,Blanco,BI-637,13,13,KUKULARRA,-2.99625,43.33018,9
763,Bilbao,2006-04-11,23:10:12,Blanco,A-8,112,112,CANTABRIA,-2.89581,43.23219,17
764,Bilbao,2006-04-11,22:46:47,Blanco,A-8,119,119,IRUN,-2.96165,43.26411,7
765,Muskiz,2006-04-11,22:43:09,Blanco,A-8,132,132,CANTABRIA,-3.076844,43.33044,37
766,Galdakao,2006-04-11,22:11:03,Amarillo,N-634,136,136,SANTANDER,-3.15327,43.34013,35
767,Alonsotegi,2006-04-11,14:41:59,Amarillo,BI-636,7,7,BILBAO,-2.974041,43.25064,7
768,Bilbao,2006-04-10,22:58:32,Blanco,A-8,120,120,IRUN,-2.96792,43.27208,7
769,Muskiz,2006-04-10,22:47:10,Blanco,A-8,133,133,CANTABRIA,-3.08888,43.32966,34
770,Bilbao,2006-04-10,22:44:00,Blanco,A-8,111,113,CANTABRIA,-2.883459,43231.0,45
771,Barakaldo,2006-04-09,22:46:28,Blanco,A-8,122,122,IRUN,-2.98578,43.28167,7
772,Muskiz,2006-04-07,10:12:29,Blanco,A-8,133,133,CANTABRIA,-3.08888,43.32966,34
773,,2006-04-06,22:28:32,Blanco,N-634,107,107,DONOSTIA/SAN SEBASTIN,-2.893143,43.25446,17
774,Bilbao,2006-04-06,22:49:04,Blanco,A-8,123,123,IRUN,-2.99417,43.28436,7
775,Galdakao,2006-04-06,22:28:32,Blanco,N-634,99,99,DONOSTIA/SAN SEBASTIN,-2.81734,43.23187,8
776,Leioa,2006-04-05,22:59:26,Blanco,N-637,16,15,CRUCES,-2.915619,43.28973,1
777,Bilbao,2006-04-05,22:46:56,Blanco,A-8,119,120,IRUN,-2.96165,43.26411,7
778,Basauri,2006-04-05,22:18:16,Blanco,A-8,113,113,CANTABRIA,-2.908069,43.23378,24
779,Muskiz,2006-04-05,22:17:14,Blanco,A-8,133,133,CANTABRIA,-3.08888,43.32966,34
780,Bilbao,2006-04-05,10:07:56,Blanco,A-8,116,116,IRUN,-2.93579,43.24777,5
781,Getxo,2006-04-05,09:19:14,Blanco,BI-637,15,15,KURTXES(BERANGO),-2.99255,43.34514,9
782,Muskiz,2006-04-05,09:17:36,Blanco,A-8,137,137,CANTABRIA,-3.12718,43.34204,25
783,Leioa,2006-04-05,01:04:07,Blanco,BI-637,10,10,KUKULARRA,-2.96916,43.31636,9
784,Leioa,2006-04-04,23:17:45,Blanco,N-637,22,22,CRUCES,-2.84945,43.2703,43
785,Muskiz,2006-04-04,22:09:26,Blanco,A-8,133,133,CANTABRIA,-3.08888,43.32966,34
786,Sondika,2006-04-03,23:39:05,Blanco,BI-637,8,8,KURTXES(BERANGO),-2.96387,43.30108,9
787,Alonsotegi,2006-04-03,10:07:08,Amarillo,BI-636,10,10,BILBAO,-3.004337,43.23591,42
788,Bilbao,2006-03-31,10:08:52,Amarillo,A-8,115,115,IRUN,-2.92753,43.24161,5
789,Arrankudiaga,2006-03-31,07:51:48,Blanco,AP-68,5,5,ZARAGOZA,-2.894917,43.19963,27
790,Arrankudiaga,2006-03-30,09:30:19,Blanco,AP-68,15,15,BILBAO,-2.923555,43.12848,31
791,Bilbao,2006-03-29,08:05:55,Blanco,AP-68,5,5,ZARAGOZA,-2.894917,43.19963,27
792,Sondika,2006-03-29,00:28:23,Amarillo,N-637,19,19,CRUCES,-2.88205,43.28188,15
793,Lezama,2006-03-28,22:52:43,Amarillo,N-637,24,24,CRUCES,-2.82698,43.26424,8
794,Berriz,2006-03-28,14:41:44,Blanco,A-8,82,82,CANTABRIA,-2.56968,43.16858,32
795,Arrigorriaga,2006-03-28,08:19:09,Blanco,AP-68,6,6,ZARAGOZA,-2.89627,43.19152,27
796,Leioa,2006-03-27,23:27:06,Amarillo,BI-637,11,11,KURTXES(BERANGO),-2.97779,43.32092,9
797,Muskiz,2006-03-27,23:17:09,Amarillo,A-8,133,133,CANTABRIA,-3.08888,43.32966,34
798,Basauri,2006-03-27,23:15:44,Amarillo,A-8,113,113,CANTABRIA,-2.908069,43.23378,24
799,Alonsotegi,2006-03-27,16:06:48,Amarillo,BI-636,9,9,BILBAO,-2.993629,43.24061,28
800,Arrigorriaga,2006-03-27,08:02:03,Blanco,AP-68,6,6,BILBAO,-2.895705,43.19079,27
801,Bilbao,2006-03-27,13:04:06,Blanco,AP-68,15,15,BILBAO,-2.923555,43.12848,31
802,Balmaseda,2006-03-24,22:17:22,Blanco,BI-636,15,15,CADAGUA,-3.042474,43.20639,47
803,Bilbao,2006-03-26,23:14:59,Blanco,A-8,121,121,IRUN,-2.977874,43.27453,7
804,Basauri,2006-03-26,23:12:35,Blanco,A-8,113,113,CANTABRIA,-2.908069,43.23378,24
805,Muskiz,2006-03-25,00:38:39,Blanco,A-8,133,133,CANTABRIA,-3.08888,43.32966,34
806,Alonsotegi,2006-03-24,09:28:41,Blanco,BI-636,7,7,BILBAO,-2.974041,43.25064,7
807,,2006-03-24,09:13:47,Blanco,N-634,106,106,SANTANDER,-2.889185,43.24773,17
808,Bilbao,2006-03-23,23:02:25,Blanco,A-8,120,120,IRUN,-2.96792,43.27208,7
809,Muskiz,2006-03-14,22:03:03,Blanco,A-8,134,134,CANTABRIA,-3.09936,43.33059,34
810,Muskiz,2006-03-23,22:19:33,Blanco,A-8,133,133,CANTABRIA,-3.08888,43.32966,34
811,Bilbao,2006-03-23,22:18:30,Blanco,A-8,113,113,IRUN,-2.90804,43.23352,24
812,Santurtzi,2006-03-23,16:06:30,Amarillo,N-644,131,131,Bilbao,-3.047636,43.33763,16
813,Gees,2006-03-23,09:05:51,Amarillo,BI-636,16,16,CADAGUA,-3.04163,43.19785,47
814,Zaldibar,2006-03-22,23:22:39,Blanco,A-8,78,78,CANTABRIA,-2.52557,43.17716,52
815,Bilbao,2006-03-22,22:50:01,Blanco,A-8,120,120,IRUN,-2.96792,43.27208,7
816,Galdakao,2006-03-22,09:05:23,Blanco,N-634,102,102,SANTANDER,-2.849825,43.23083,18
817,Bilbao,2006-03-21,23:55:03,Blanco,BI-604,5,5,ASUA,-2.95976,43.28766,9
818,Bilbao,2006-03-21,23:07:09,Blanco,A-8,112,112,CANTABRIA,-2.89581,43.23219,17
819,Muskiz,2006-03-21,22:01:03,Blanco,A-8,133,133,CANTABRIA,-3.08888,43.32966,34
820,Alonsotegi,2006-03-21,15:20:39,Amarillo,BI-636,9,8,BILBAO,-2.993629,43.24061,28
821,Gees,2006-03-21,08:36:00,Blanco,BI-636,16,16,CADAGUA,-3.04163,43.19785,47
822,Galdakao,2006-03-21,11:30:25,Amarillo,N-634,103,104,SANTANDER,-2.861065,43.23255,3
823,Bilbao,2006-03-20,23:27:05,Blanco,A-8,120,120,IRUN,-2.96792,43.27208,7
824,Bilbao,2006-01-11,22:08:20,Blanco,A-8,120,120,IRUN,-2.96792,43.27208,7
825,Galdakao,2006-03-20,10:37:58,Amarillo,N-634,102,102,SANTANDER,-2.849825,43.23083,18
826,Alonsotegi,2006-03-20,11:12:24,Amarillo,BI-636,8,8,BILBAO,-2.982984,43.2456,51
827,Galdakao,2006-03-20,09:37:53,Blanco,A-8,103,108,CANTABRIA,-2.793435,43.23299,8
828,Balmaseda,2006-03-14,19:15:20,Blanco,BI-636,15,15,CADAGUA,-3.042474,43.20639,47
829,Bilbao,2006-03-16,22:48:59,Blanco,A-8,120,120,IRUN,-2.96792,43.27208,7
830,Bilbao,2006-03-16,22:23:23,Blanco,A-8,113,113,CANTABRIA,-2.908069,43.23378,24
831,Bilbao,2006-03-14,15:09:00,Blanco,BI-604,4,4,ASUA,-2.95606,43.27935,9
832,Alonsotegi,2006-03-15,16:35:20,Blanco,BI-636,9,9,BILBAO,-2.993629,43.24061,28
833,Barakaldo,2006-03-14,00:04:20,Blanco,A-8,122,122,CANTABRIA,-2.985859,43.28236,7
834,Basauri,2006-03-13,22:14:29,Blanco,A-8,113,113,CANTABRIA,-2.908069,43.23378,24
835,Balmaseda,2006-03-13,09:28:08,Blanco,BI-636,15,15,CADAGUA,-3.042474,43.20639,47
836,Bilbao,2006-03-12,23:05:00,Blanco,A-8,119,119,IRUN,-2.96165,43.26411,7
837,Bilbao,2006-03-12,22:21:03,Blanco,A-8,112,113,CANTABRIA,-2.89581,43.23219,17
838,Gees,2006-03-10,08:56:14,Amarillo,BI-636,15,15,CADAGUA,-3.042474,43.20639,47
839,Barakaldo,2006-03-09,23:15:53,Blanco,A-8,121,122,CANTABRIA,-2.978033,43.27476,7
840,Bilbao,2006-03-09,23:04:20,Blanco,A-8,111,113,CANTABRIA,-2.883459,43231.0,45
841,Gees,2006-03-09,10:35:26,Amarillo,BI-636,19,19,CADAGUA,-3.07241,43.19688,2
842,Bilbao,2006-03-08,22:29:38,Blanco,A-8,113,113,IRUN,-2.90804,43.23352,24
843,Gees,2006-03-08,08:52:14,Blanco,BI-636,16,16,CADAGUA,-3.04163,43.19785,47
844,,2006-03-07,23:11:14,Amarillo,N-637,20,20,ERLETXE ( por PTE. RONTEGI),-2.87194,43.27703,15
845,Bilbao,2006-03-07,23:11:06,Blanco,A-8,120,120,IRUN,-2.96792,43.27208,7
846,Gees,2006-03-07,08:55:31,Blanco,BI-636,15,15,CADAGUA,-3.042474,43.20639,47
847,Gees,2006-03-06,08:38:36,Amarillo,BI-636,15,15,CADAGUA,-3.042474,43.20639,47
848,Balmaseda,2006-02-27,08:44:49,Blanco,BI-636,16,16,CADAGUA,-3.04163,43.19785,47
849,,2006-03-02,12:53:02,Blanco,BI-636,16,16,CADAGUA,-3.04163,43.19785,47
850,Bilbao,2006-03-02,00:33:26,Blanco,N-634,106,106,SANTANDER,-2.889185,43.24773,17
851,Getxo,2006-03-01,23:21:23,Blanco,BI-637,11,13,KURTXES(BERANGO),-2.97779,43.32092,9
852,Balmaseda,2006-03-01,23:05:32,Blanco,A-8,119,119,IRUN,-2.96165,43.26411,7
853,Leioa,2006-02-28,23:11:32,Blanco,BI-637,13,13,KUKULARRA,-2.99625,43.33018,9
854,Derio,2006-02-28,22:32:13,Blanco,N-637,17,18,ERLETXE ( por PTE. RONTEGI),-2.903674,43.28876,15
855,Bilbao,2006-02-28,22:18:25,Blanco,A-8,113,113,CANTABRIA,-2.908069,43.23378,24
856,Bilbao,2006-02-28,22:51:27,Blanco,A-8,119,119,IRUN,-2.96165,43.26411,7
857,Bilbao,2006-02-28,08:59:30,Blanco,A-8,139,139,CANTABRIA,-3.15105,43.34158,35
858,Bilbao,2006-02-27,23:07:15,Blanco,A-8,120,120,IRUN,-2.96792,43.27208,7
859,Bilbao,2006-02-27,22:53:50,Blanco,BI-636,15,15,BILBAO,-3.042234,43.20626,47
860,Leioa,2006-02-26,23:23:45,Amarillo,BI-637,13,13,KUKULARRA,-2.99625,43.33018,9
861,Valle de Trpaga-Trapagaran,2006-02-25,09:35:52,Blanco,A-8,126,126,CANTABRIA,-3.02221,43.30038,12
862,Balmaseda,2006-02-24,07:48:37,Blanco,BI-636,15,15,CADAGUA,-3.042474,43.20639,47
863,Getxo,2006-02-23,10:12:27,Blanco,N-637,15,15,CRUCES,-2.926004,43.28597,39
864,Gees,2006-02-22,08:43:20,Blanco,BI-636,16,16,CADAGUA,-3.04163,43.19785,47
865,Bilbao,2006-02-21,23:54:39,Rojo,BI-604,3,3,ASUA,-2.948006,43.27291,19
866,"Etxebarri, Ant S. Esteban-Etxebarri D. E.",2006-02-21,22:45:34,Amarillo,N-634,107,107,SANTANDER,-2.893143,43.25446,17
867,Gees,2006-02-21,09:15:21,Blanco,BI-636,15,16,CADAGUA,-3.042474,43.20639,47
868,,2006-02-20,11:07:03,Blanco,BI-637,16,16,KUKULARRA,-2.99885,43.35301,9
869,Gordexola,2006-02-20,08:42:46,Blanco,BI-636,16,16,CADAGUA,-3.04163,43.19785,47
870,Bilbao,2006-02-19,22:21:26,Amarillo,N-634,107,107,SANTANDER,-2.893143,43.25446,17
871,Getxo,2006-02-17,11:00:01,Blanco,BI-637,15,15,KUKULARRA,-2.99326,43.34514,9
872,Balmaseda,2006-02-17,08:54:52,Blanco,BI-636,15,15,CADAGUA,-3.042474,43.20639,47
873,Basauri,2006-02-16,22:18:12,Amarillo,A-8,111,113,IRUN,-2.88343,43.2309,3
874,Bilbao,2006-02-16,22:56:14,Blanco,A-8,119,119,IRUN,-2.96165,43.26411,7
875,Derio,2006-02-15,21:13:24,Amarillo,N-637,16,18,ERLETXE ( por PTE. RONTEGI),-2.9158,43.28969,1
876,Bilbao,2006-02-15,22:27:29,Blanco,A-8,113,113,CANTABRIA,-2.908069,43.23378,24
877,Balmaseda,2006-02-14,23:47:06,Blanco,BI-636,15,15,BILBAO,-3.042234,43.20626,47
878,Bilbao,2006-02-14,23:11:14,Blanco,A-8,120,120,IRUN,-2.96792,43.27208,7
879,Basauri,2006-02-14,23:10:02,Blanco,A-8,112,112,CANTABRIA,-2.89581,43.23219,17
880,Balmaseda,2006-02-13,23:41:12,Blanco,BI-636,16,16,CADAGUA,-3.04163,43.19785,47
881,Bilbao,2006-02-13,23:08:13,Blanco,A-8,113,113,CANTABRIA,-2.908069,43.23378,24
882,Erandio,2006-02-13,14:44:15,Blanco,BI-637,9,9,KURTXES(BERANGO),-2.96194,43.30914,9
883,Balmaseda,2006-02-13,09:11:47,Amarillo,BI-636,15,15,CADAGUA,-3.042474,43.20639,47
884,Erandio,2006-02-13,09:11:29,Blanco,N-637,12,12,ERLETXE ( por PTE. RONTEGI),-2.95528,43.29934,9
885,,2006-02-11,07:00:46,Blanco,N-637,13,13,CRUCES,-2.94473,43.29429,9
886,Getxo,2006-02-10,15:43:37,Blanco,BI-637,9,9,KURTXES(BERANGO),-2.96194,43.30914,9
887,Abanto y Cirvana-Abanto Zierbena,2006-02-10,09:40:22,Blanco,A-8,134,134,CANTABRIA,-3.09936,43.33059,34
888,Derio,2006-02-10,09:17:51,Blanco,N-633,12,12,BILBAO,-2.88012,43.30636,15
889,Balmaseda,2006-02-10,09:13:03,Blanco,BI-636,15,15,BILBAO,-3.042234,43.20626,47
890,Basauri,2006-02-09,22:15:38,Blanco,A-8,111,113,CANTABRIA,-2.883459,43231.0,45
891,Leioa,2006-02-09,09:59:47,Blanco,BI-637,9,9,KURTXES(BERANGO),-2.96194,43.30914,9
892,Bilbao,2006-02-09,08:17:51,Blanco,A-8,134,134,IRUN,-3.09974,43.33071,34
893,Barakaldo,2006-02-09,00:01:52,Blanco,N-634,119,119,DONOSTIA/SAN SEBASTIN,-2.992522,43.28308,7
894,Getxo,2006-02-08,09:33:12,Blanco,BI-637,9,9,KURTXES(BERANGO),-2.96194,43.30914,9
895,Alonsotegi,2006-02-08,10:04:23,Blanco,BI-636,9,9,BILBAO,-2.993629,43.24061,28
896,Abanto y Cirvana-Abanto Zierbena,2006-02-08,09:41:04,Blanco,A-8,133,133,CANTABRIA,-3.08888,43.32966,34
897,Basauri,2006-02-07,23:52:54,Blanco,A-8,111,113,CANTABRIA,-2.883459,43231.0,45
898,Larrabetzu,2006-02-07,09:45:34,Blanco,N-637,27,27,CRUCES,-2.80332,43.24753,8
899,Gees,2006-02-07,09:32:48,Blanco,BI-636,16,16,CADAGUA,-3.04163,43.19785,47
900,Barakaldo,2006-02-07,09:26:13,Blanco,BI-637,9,9,KUKULARRA,-2.9623,43.30933,9
901,Muskiz,2006-02-07,09:07:47,Blanco,A-8,134,134,IRUN,-3.09974,43.33071,34
902,Erandio,2006-02-06,16:09:28,Blanco,BI-637,9,9,KURTXES(BERANGO),-2.96194,43.30914,9
903,Balmaseda,2006-02-06,09:34:25,Blanco,BI-636,15,15,CADAGUA,-3.042474,43.20639,47
904,Berango,2006-02-06,01:21:41,Blanco,BI-637,17,17,KURTXES(BERANGO),-3.00117,43.36139,9
905,Bilbao,2006-02-06,00:08:03,Blanco,A-8,119,119,IRUN,-2.96165,43.26411,7
906,,2006-02-05,23:37:16,Blanco,BI-625,385,385,BILBAO,-2.88029,43.21714,27
907,Bilbao,2006-02-05,08:06:40,Blanco,A-8,121,121,CANTABRIA,-2.978033,43.27476,7
908,Galdakao,2006-02-04,19:57:17,Blanco,A-8,103,106,CANTABRIA,-2.793435,43.23299,8
909,Alonsotegi,2006-02-04,11:47:52,Blanco,BI-636,6,6,BILBAO,-2.96896,43.25747,7
910,Galdakao,2006-02-04,08:24:03,Blanco,N-634,98,98,DONOSTIA/SAN SEBASTIN,-2.80671,43.23633,8
911,Valle de Trpaga-Trapagaran,2006-02-03,22:02:50,Blanco,A-8,133,134,CANTABRIA,-3.08888,43.32966,34
912,Bilbao,2006-02-03,00:19:39,Blanco,A-8,119,119,IRUN,-2.96165,43.26411,7
913,Bilbao,2006-02-02,22:28:57,Blanco,A-8,111,113,CANTABRIA,-2.883459,43231.0,45
914,Erandio,2006-02-02,22:27:45,Blanco,N-637,16,16,ERLETXE ( por PTE. RONTEGI),-2.9158,43.28969,1
915,,2006-02-02,22:20:23,Blanco,A-8,136,136,CANTABRIA,-3.11618,43.33962,23
916,,2006-02-01,22:46:19,Amarillo,N-637,16,14,CRUCES,-2.915619,43.28973,1
917,,2006-02-01,22:45:11,Amarillo,A-8,133,133,IRUN,-3.08903,43.3294,34
918,,2006-02-01,23:16:17,Blanco,A-8,111,113,IRUN,-2.88343,43.2309,3
919,Bilbao,2006-02-01,06:38:23,Blanco,BI-636,4,4,CADAGUA,-2.964667,43.26813,7
920,,2006-01-31,22:54:16,Blanco,A-8,121,121,IRUN,-2.977874,43.27453,7
921,Lezama,2006-01-31,22:34:20,Blanco,N-637,24,22,CRUCES,-2.82698,43.26424,8
922,Bilbao,2006-01-31,06:49:57,Blanco,BI-636,6,6,CADAGUA,-2.96931,43.25774,7
923,Muskiz,2006-01-31,11:07:19,Amarillo,A-8,132,132,CANTABRIA,-3.076844,43.33044,37
924,Erandio,2006-01-30,23:49:10,Blanco,N-637,13,13,ERLETXE ( por PTE. RONTEGI),-2.94501,43.29437,9
925,Bilbao,2006-01-30,23:51:26,Blanco,A-8,111,113,CANTABRIA,-2.883459,43231.0,45
926,Derio,2006-01-30,23:45:02,Blanco,N-637,19,20,ERLETXE ( por PTE. RONTEGI),-2.88211,43.28174,15
927,,2006-01-30,16:23:12,Amarillo,BI-636,5,5,CADAGUA,-2.97139,43.26691,7
928,,2006-01-26,10:28:27,Blanco,N-633,12,12,AEROPUERTO DE LOIU,-2.87891,43.30622,15
929,,2006-01-26,10:30:04,Blanco,N-637,14,14,ERLETXE ( por PTE. RONTEGI),-2.938143,43.28713,39
930,Muskiz,2006-01-26,10:26:23,Blanco,A-8,134,134,IRUN,-3.09974,43.33071,34
931,Bilbao,2006-01-25,23:24:23,Blanco,A-8,117,117,CANTABRIA,-2.94514,43.25163,6
932,Muskiz,2006-01-25,10:32:36,Amarillo,A-8,135,135,IRUN,-3.10594,43.33829,41
933,Erandio,2006-01-25,10:32:12,Amarillo,BI-637,9,9,KUKULARRA,-2.9623,43.30933,9
934,Derio,2006-01-24,23:01:52,Blanco,N-637,24,24,CRUCES,-2.82698,43.26424,8
935,Bilbao,2006-01-24,23:09:35,Blanco,A-8,117,117,CANTABRIA,-2.94514,43.25163,6
936,Getxo,2006-01-24,23:08:18,Blanco,BI-637,9,9,KURTXES(BERANGO),-2.96194,43.30914,9
937,Balmaseda,2006-01-23,22:08:49,Blanco,BI-636,6,7,BILBAO,-2.96896,43.25747,7
938,Basauri,2006-01-23,23:08:06,Blanco,A-8,113,113,CANTABRIA,-2.908069,43.23378,24
939,,2006-01-23,10:30:01,Blanco,N-637,15,15,ERLETXE ( por PTE. RONTEGI),-2.92609,43.28585,39
940,Muskiz,2006-01-23,08:53:52,Blanco,A-8,139,139,IRUN,-3.1511,43.34147,35
941,Erandio,2006-01-22,23:25:15,Blanco,BI-637,10,10,KUKULARRA,-2.96916,43.31636,9
942,Bilbao,2006-01-22,23:09:29,Amarillo,A-8,117,117,CANTABRIA,-2.94514,43.25163,6
943,Galdakao,2006-01-21,06:06:35,Amarillo,A-8,104,106,CANTABRIA,-2.80433,43.23574,8
944,Barakaldo,2006-01-21,12:53:50,Amarillo,N-637,10,10,CRUCES,-2.97394,43.29554,7
945,Muskiz,2006-01-20,09:19:34,Blanco,A-8,139,139,IRUN,-3.1511,43.34147,35
946,Erandio,2006-01-19,22:10:13,Amarillo,BI-637,8,9,KURTXES(BERANGO),-2.96387,43.30108,9
947,,2006-01-19,14:00:36,Blanco,N-637,12,12,CRUCES,-2.95475,43.2993,9
948,Lemoa,2006-01-19,09:57:34,Rojo,N-240,17,17,BILBAO,-2.650303,42.98341,30
949,Sondika,2006-01-18,10:27:39,Blanco,N-637,15,15,CRUCES,-2.926004,43.28597,39
950,Amorebieta-Etxano,2006-01-17,17:44:35,Blanco,N-634,89,89,DONOSTIA/SAN SEBASTIN,-2.712898,43.20358,33
951,Derio,2006-01-17,09:36:35,Blanco,N-637,12,12,ERLETXE ( por PTE. RONTEGI),-2.95528,43.29934,9
952,Zamudio,2006-01-17,09:16:08,Amarillo,N-637,22,22,ERLETXE ( por PTE. RONTEGI),-2.84975,43.27024,43
953,Bilbao,2006-01-15,22:50:00,Blanco,A-8,113,113,CANTABRIA,-2.908069,43.23378,24
954,Erandio,2006-01-13,00:00:41,Blanco,BI-637,10,10,KURTXES(BERANGO),-2.96883,43.31627,9
955,Bilbao,2006-01-13,00:52:07,Blanco,N-634,114,114,SANTANDER,-2.95148,43.25896,19
956,Bilbao,2006-01-12,22:18:53,Blanco,A-8,113,113,CANTABRIA,-2.908069,43.23378,24
957,,2006-01-12,22:17:08,Blanco,N-637,26,26,CRUCES,-2.80686,43.25609,8
958,Durango,2006-01-12,12:00:47,Blanco,BI-623,30,30,VITORIA-GASTEIZ,-2.63685,43.16555,14
959,Derio,2006-01-12,09:48:06,Amarillo,N-637,15,15,CRUCES,-2.926004,43.28597,39
960,Bilbao,2006-01-11,22:23:34,Blanco,A-8,113,113,IRUN,-2.90804,43.23352,24
961,Galdakao,2006-01-11,22:08:08,Blanco,N-637,28,28,ERLETXE ( por PTE. RONTEGI),-2.80231,43.23901,8
962,Erandio,2006-01-11,10:33:43,Blanco,N-637,13,13,ERLETXE ( por PTE. RONTEGI),-2.94501,43.29437,9
963,Bilbao,2006-01-10,23:21:34,Blanco,A-8,116,116,CANTABRIA,-2.93578,43.2479,5
964,Leioa,2006-01-10,23:00:02,Blanco,BI-637,8,8,KUKULARRA,-2.96382,43.30131,9
965,Sondika,2006-01-10,22:32:10,Blanco,N-637,17,17,ERLETXE ( por PTE. RONTEGI),-2.903674,43.28876,15
966,Bilbao,2006-01-09,22:23:03,Blanco,A-8,113,113,IRUN,-2.90804,43.23352,24
967,Barakaldo,2006-01-09,02:34:14,,N-637,10,11,ERLETXE ( por PTE. RONTEGI),-2.97405,43.29526,7
968,Bilbao,2006-01-08,23:33:09,Blanco,A-8,111,113,CANTABRIA,-2.883459,43231.0,45
969,Bilbao,2006-01-06,03:43:35,Blanco,A-8,111,113,IRUN,-2.88343,43.2309,3
970,,2006-01-04,22:27:38,Blanco,A-8,111,113,CANTABRIA,-2.883459,43231.0,45
